url,job_title,company,location,salary,experience,education,level,employment_type,industry,required_skills,preferred_skills,specialization,job_description,requirement,brand_recrawled,_filter_decision,_filter_reason
https://www.topcv.vn/brand/tuyendungvietabank/tuyen-dung/cv-cvc-cvcc-phan-tich-nghiep-vu-lam-viec-tai-ha-dong-ha-noi-j2082124.html,,NGÂN HÀNG TMCP VIỆT Á - VIETABANK,,,,,,,,[],[],"['2 năm kinh nghiệm', 'Đại Học trở lên', 'Bảo hiểm xã hội', 'Bảo hiểm sức khỏe', 'Khám sức khỏe định kỳ', 'Chuyên môn Business Analyst (Phân tích nghiệp vụ)', 'IT - Phần cứng và máy tính', 'IT - Phần mềm', 'Ngân hàng']",,,True,review,empty_title
https://www.topcv.vn/brand/topcv/tuyen-dung/product-owner-j2091542.html,,Công ty Cổ phần TOPCV Việt Nam,,,,,,,,[],[],"['2 năm kinh nghiệm', 'Đại Học trở lên', 'Nghỉ thứ 7', 'Bảo hiểm xã hội', 'Bảo hiểm sức khỏe', 'Chuyên môn Product Analyst/Research', 'Nhân sự', 'Thương mại điện tử']",,,True,review,empty_title
https://www.topcv.vn/brand/fptis/tuyen-dung/fullstack-developer-java-reactjs-j2069794.html,,FPT IS,,,,,,,,[],[],"['3 năm kinh nghiệm', 'Đại Học trở lên', 'Nghỉ thứ 7', 'Chuyên môn Fullstack Developer']",,,True,review,empty_title
https://www.topcv.vn/brand/carbonbilliards/tuyen-dung/graphic-designer-thiet-ke-sang-tao-ha-noi-luong-cung-12-15-trieu-thang-j2084229.html,,CÔNG TY TNHH CARBON BILLIARDS,,,,,,,,[],[],"['2 năm kinh nghiệm', 'Cao Đẳng trở lên', 'Thưởng hiệu quả làm việc', 'Team building', 'Thưởng tháng 13', 'Chuyên môn Thiết kế đồ họa (Graphic Design)']",,,True,review,empty_title
https://www.topcv.vn/brand/sofitel/tuyen-dung/business-analyst-ba-chuyen-vien-phan-tich-nghiep-vu-luong-up-to-45m-tieng-anh-tot-hn-j2097626.html,,CÔNG TY TNHH CÁC GIẢI PHÁP SOFTEL,,,,,,,,[],[],"['4 năm kinh nghiệm', 'Đại Học trở lên', 'Tiếng Anh Đọc hiểu', 'Tiếng Anh Giao tiếp cơ bản', 'Nghỉ thứ 7', 'Bảo hiểm xã hội', 'Team building', 'Chuyên môn Business Analyst (Phân tích nghiệp vụ)']",,,True,review,empty_title
https://www.topcv.vn/brand/cnvholdings/tuyen-dung/quan-ly-kinh-doanh-15-50m-nghi-t7-cn-j2098236.html,,CÔNG TY TNHH CNV HOLDINGS,,,,,,,,[],[],"['Dưới 1 năm kinh nghiệm', 'Trung cấp trở lên', 'Tuổi 24 - 34', 'Chuyên môn Kinh doanh phần mềm', 'IT - Phần mềm', 'Thương mại điện tử', 'Marketing / Quảng cáo', 'B2B']",,,True,review,empty_title
https://www.topcv.vn/brand/smartosc/tuyen-dung/business-analyst-lead-j2083226.html,,CÔNG TY CỔ PHẦN SMARTOSC,,,,,,,,[],[],"['Trên 5 năm kinh nghiệm', 'Đại Học trở lên', 'Nghỉ thứ 7', 'Bảo hiểm sức khỏe', 'Du lịch hàng năm', 'Chuyên môn Business Analyst (Phân tích nghiệp vụ)', 'IT - Phần mềm', 'Thương mại điện tử']",,,True,review,empty_title
https://www.topcv.vn/brand/cnvholdings/tuyen-dung/nhan-vien-kinh-doanh-sales-b2b-nhan-vien-tu-van-15-40m-nghi-t7-cn-j2066650.html,,CÔNG TY TNHH CNV HOLDINGS,,,,,,,,[],[],"['Dưới 1 năm kinh nghiệm', 'Cao Đẳng trở lên', 'Có hỗ trợ Data', 'Chuyên môn Kinh doanh phần mềm', 'IT - Phần mềm', 'Thương mại điện tử', 'Marketing / Quảng cáo', 'B2B', 'Direct Sales', 'Online Sales']",,,True,review,empty_title
https://www.topcv.vn/brand/cnvholdings/tuyen-dung/quan-ly-kinh-doanh-sales-manager-sales-leader-mang-phan-mem-20-80m-nghi-t7-cn-j2054795.html,,CÔNG TY TNHH CNV HOLDINGS,,,,,,,,[],[],"['2 năm kinh nghiệm', 'Đại Học trở lên', 'Tuổi 29 - 36', 'Chuyên môn Kinh doanh phần mềm', 'IT - Phần mềm', 'Thương mại điện tử', 'Marketing / Quảng cáo', 'B2B']",,,True,review,empty_title
https://www.topcv.vn/brand/giaiphapvacongnghevietnix/tuyen-dung/chuyen-vien-kinh-doanh-hosting-vps-thu-nhap-len-toi-30-trieu-toi-thieu-1-nam-kinh-nghiem-j2062209.html,,,,,,,,,,[],[],[],,,True,review,empty_title
https://www.topcv.vn/brand/vnresource1209/tuyen-dung/senior-net-developer-j2079841.html,,CÔNG TY CỔ PHẦN TÀI NGUYÊN TRI THỨC VIỆT NĂNG,,,,,,,,[],[],"['2 năm kinh nghiệm', 'Cao Đẳng trở lên', 'Nam', 'Bảo hiểm xã hội', 'Khám sức khỏe định kỳ', 'Team building', 'Chuyên môn Software Engineer', 'IT - Phần mềm']",,,True,review,empty_title
https://www.topcv.vn/brand/softdreams/tuyen-dung/fresher-business-analyst-tu-1-nam-kinh-nghiem-offer-9-15tr-thang-j1951795.html,,CÔNG TY CỔ PHẦN ĐẦU TƯ CÔNG NGHỆ VÀ THƯƠNG MẠI SOFTDREAMS,,,,,,,,[],[],"['1 năm kinh nghiệm', 'Đại Học trở lên', 'Business Analyst (Phân tích nghiệp vụ)', 'IT - Phần mềm', 'IT - Phần cứng và máy tính']",,,True,review,empty_title
https://www.topcv.vn/brand/eup/tuyen-dung/nhan-vien-kiem-thu-phan-mem-manual-automation-tu-1-nam-kinh-nghiem-j2083634.html,,Công ty Cổ phần Công nghệ eUp,,,,,,,,[],[],"['1 năm kinh nghiệm', 'Đại Học trở lên', 'Nghỉ thứ 7', 'Bảo hiểm xã hội', 'Bảo hiểm sức khỏe', 'Chuyên môn Software Tester (Automation & Manual)', 'IT - Phần mềm']",,,True,review,empty_title
https://www.topcv.vn/brand/softdreams/tuyen-dung/fresher-tester-tu-6-thang-kinh-nghiem-offer-8-13tr-thang-j1952019.html,,CÔNG TY CỔ PHẦN ĐẦU TƯ CÔNG NGHỆ VÀ THƯƠNG MẠI SOFTDREAMS,,,,,,,,[],[],"['Dưới 1 năm kinh nghiệm', 'Đại Học trở lên', 'Software Tester (Automation & Manual)', 'IT - Phần mềm', 'IT - Phần cứng và máy tính']",,,True,review,empty_title
https://www.topcv.vn/brand/softdreams/tuyen-dung/project-manager-luong-thoa-thuan-theo-nang-luc-tu-1-3-nam-kinh-nghiem-j2077831.html,,CÔNG TY CỔ PHẦN ĐẦU TƯ CÔNG NGHỆ VÀ THƯƠNG MẠI SOFTDREAMS,,,,,,,,[],[],"['1 năm kinh nghiệm', 'Đại Học trở lên', 'IT Project Manager', 'An ninh mạng', 'IT - Phần cứng và máy tính', 'IT - Phần mềm']",,,True,review,empty_title
https://www.topcv.vn/brand/monahost/tuyen-dung/magento-developer-j1931537.html,,CÔNG TY TNHH MONA HOST,,,,,,,,[],[],"['1 năm kinh nghiệm', 'Cao Đẳng trở lên', 'Nghỉ thứ 7', 'Chuyên môn Software Engineer', 'IT - Phần mềm']",,,True,review,empty_title
https://www.topcv.vn/brand/kamereo/tuyen-dung/ui-ux-designer-j2092294.html,,CÔNG TY TNHH KAMEREO,,,,,,,,[],[],"['3 năm kinh nghiệm', 'Đại Học trở lên', 'Nghỉ thứ 7', 'Chuyên môn UI/UX Design']",,,True,review,empty_title
https://www.topcv.vn/brand/fptis/tuyen-dung/system-admin-l3-truong-nhom-tm-j2069010.html,,FPT IS,,,,,,,,[],[],"['Trên 5 năm kinh nghiệm', 'Cao Đẳng trở lên', 'Nghỉ thứ 7', 'Chuyên môn System Administrator']",,,True,review,empty_title
https://www.topcv.vn/brand/topcv/tuyen-dung/chuyen-vien-trien-khai-phan-mem-j2029861.html,,Công ty Cổ phần TOPCV Việt Nam,,,,,,,,[],[],"['2 năm kinh nghiệm', 'Cao Đẳng trở lên', 'Nghỉ thứ 7', 'Bảo hiểm xã hội', 'Bảo hiểm sức khỏe', 'Chuyên môn Kỹ thuật IT', 'IT - Phần mềm', 'Thương mại điện tử']",,,True,review,empty_title
https://www.topcv.vn/brand/cnvholdings/tuyen-dung/nhan-vien-kinh-doanh-sales-b2b-nhan-vien-tu-van-15-40m-nghi-t7-cn-j2049594.html,,CÔNG TY TNHH CNV HOLDINGS,,,,,,,,[],[],"['Dưới 1 năm kinh nghiệm', 'Cao Đẳng trở lên', 'Có hỗ trợ Data', 'Chuyên môn Kinh doanh phần mềm', 'IT - Phần mềm', 'Thương mại điện tử', 'B2B', 'Direct Sales', 'Online Sales']",,,True,review,empty_title
https://www.topcv.vn/brand/topcv/tuyen-dung/devops-engineer-j1823528.html,,Công ty Cổ phần TOPCV Việt Nam,,,,,,,,[],[],"['1 năm kinh nghiệm', 'Đại Học trở lên', 'Nghỉ thứ 7', 'Bảo hiểm xã hội', 'Bảo hiểm sức khỏe', 'Chuyên môn DevOps Engineer', 'IT - Phần mềm', 'Nhân sự']",,,True,review,empty_title
https://www.topcv.vn/brand/uptik/tuyen-dung/design-intern-work-on-real-tiktok-campaigns-j2096935.html,,UPTIK COMPANY LIMITED,,,,,,,,[],[],"['Không cần kinh nghiệm', 'Đại Học trở lên', 'Phụ cấp: Ăn trưa', 'Thiết kế đồ họa (Graphic Design)']",,,True,review,empty_title
https://www.topcv.vn/brand/fptedu1/tuyen-dung/chuyen-vien-phat-trien-ung-dung-he-cao-dang-j1647432.html,,TỔ CHỨC GIÁO DỤC FPT Pro Company,,,,,,,,[],[],"['1 năm kinh nghiệm', 'Đại Học trở lên', 'Bảo hiểm xã hội', 'Bảo hiểm sức khỏe', 'Bảo hiểm sức khỏe ngưởi thân', 'Software Engineer']",,,True,review,empty_title
https://www.topcv.vn/brand/fpt-telecom/tuyen-dung/edge-ai-engineerleader-j2097993.html,,Công ty Cổ phần viễn thông FPT,,,,,,,,[],[],"['2 năm kinh nghiệm', 'Đại Học trở lên', 'Nghỉ thứ 7', 'Chuyên môn AI Engineer', 'IT - Phần mềm']",,,True,review,empty_title
https://www.topcv.vn/brand/fpt-telecom/tuyen-dung/data-engineer-leader-j2081930.html,,,,,,,,,,[],[],[],,,True,review,empty_title
https://www.topcv.vn/brand/caphengon/tuyen-dung/it-helpdesk-nhan-vien-it-j2094362.html,,,,,,,,,,[],[],[],,,True,review,empty_title
https://www.topcv.vn/brand/giaoducthanhthanhcong/tuyen-dung/chuyen-vien-thiet-ke-j2071730.html,,Công ty Cổ phần Giáo dục Thành Thành Công,,,,,,,,[],[],"['3 năm kinh nghiệm', 'Đại Học trở lên', 'Chuyên môn Thiết kế đồ họa (Graphic Design)']",,,True,review,empty_title
https://www.topcv.vn/brand/fptis/tuyen-dung/technical-leader-j2095253.html,,FPT IS,,,,,,,,[],[],"['Trên 5 năm kinh nghiệm', 'Đại Học trở lên', 'Nghỉ thứ 7', 'Chuyên môn Software Engineer', 'IT - Phần mềm']",,,True,review,empty_title
https://www.topcv.vn/brand/fptis/tuyen-dung/system-engineer-storage-backup-j2035299.html,,FPT IS,,,,,,,,[],[],"['1 năm kinh nghiệm', 'Đại Học trở lên', 'Nghỉ thứ 7', 'Chuyên môn System Engineer']",,,True,review,empty_title
https://www.topcv.vn/brand/flyer/tuyen-dung/business-development-executive-j1812584.html,,CÔNG TY CỔ PHẦN CÔNG NGHỆ FLYER,,,,,,,,[],[],"['1 năm kinh nghiệm', 'Đại Học trở lên', 'Tiếng Anh TOEIC 800', 'Tiếng Anh IELTS 6.0', 'Có hỗ trợ Data', 'Nghỉ thứ 7', 'Bảo hiểm xã hội', 'Chuyên môn Kinh doanh phần mềm', 'IT - Phần mềm', 'Giáo dục / Đào tạo', 'B2B', 'Online Sales']",,,True,review,empty_title
https://www.topcv.vn/brand/fptis/tuyen-dung/solution-architect-j2095215.html,,FPT IS,,,,,,,,[],[],"['Trên 5 năm kinh nghiệm', 'Cao Đẳng trở lên', 'Nghỉ thứ 7', 'Chuyên môn Solution Architect', 'IT - Phần mềm']",,,True,review,empty_title
https://www.topcv.vn/brand/fptis/tuyen-dung/project-manager-j2095279.html,,FPT IS,,,,,,,,[],[],"['Trên 5 năm kinh nghiệm', 'Cao Đẳng trở lên', 'Nghỉ thứ 7', 'Chuyên môn IT Project Manager', 'IT - Phần mềm']",,,True,review,empty_title
https://www.topcv.vn/brand/monahost/tuyen-dung/sale-phan-mem-jms-hoa-hong-cao-j2060882.html,,CÔNG TY TNHH MONA HOST,,,,,,,,[],[],"['1 năm kinh nghiệm', 'Cao Đẳng trở lên', 'Có phương tiện di chuyển', 'Có hỗ trợ Data', 'Nghỉ thứ 7', 'Chuyên môn Kinh doanh phần mềm', 'IT - Phần mềm', 'Thương mại điện tử', 'B2B', 'Direct Sales']",,,True,review,empty_title
https://www.topcv.vn/brand/fptis/tuyen-dung/infrastructure-operations-leader-j2093879.html,,FPT IS,,,,,,,,[],[],"['4 năm kinh nghiệm', 'Đại Học trở lên', 'Nghỉ thứ 7', 'Chuyên môn System Engineer']",,,True,review,empty_title
https://www.topcv.vn/brand/softdreams/tuyen-dung/truong-phong-kinh-doanh-phan-mem-j1924498.html,,CÔNG TY CỔ PHẦN ĐẦU TƯ CÔNG NGHỆ VÀ THƯƠNG MẠI SOFTDREAMS,,,,,,,,[],[],"['2 năm kinh nghiệm', 'Đại Học trở lên', 'Có hỗ trợ Data', 'Bảo hiểm xã hội', 'Thưởng hiệu quả làm việc', 'Kinh doanh phần mềm', 'Kế toán', 'Nhân sự', 'B2B', 'Telesales']",,,True,review,empty_title
https://www.topcv.vn/brand/kamereo/tuyen-dung/technical-lead-j2090527.html,,,,,,,,,,[],[],[],,,True,review,empty_title
https://www.topcv.vn/brand/cnvholdings/tuyen-dung/sales-intern-thuc-tap-sinh-kinh-doanh-phu-cap-dau-moc-nghi-t7-cn-j2090453.html,,CÔNG TY TNHH CNV HOLDINGS,,,,,,,,[],[],"['Không cần kinh nghiệm', 'Trung cấp trở lên', 'Nghỉ thứ 7', 'Chuyên môn Kinh doanh phần mềm', 'Thương mại điện tử', 'Marketing / Quảng cáo', 'Bán lẻ - Hàng tiêu dùng - FMCG', 'B2B', 'Direct Sales', 'Online Sales', 'Telesales']",,,True,review,empty_title
https://www.topcv.vn/brand/congnghiepkimsen/tuyen-dung/nhan-vien-lap-trinh-may-cnc-may-cat-day-j2089783.html,,Công ty Cổ phần Công nghiệp KIMSEN,,,,,,,,[],[],"['2 năm kinh nghiệm', 'Trung cấp trở lên', 'Chuyên môn Kỹ sư lập trình máy']",,,True,review,empty_title
https://www.topcv.vn/brand/congnghiepkimsen/tuyen-dung/ky-su-thiet-ke-lap-trinh-gia-cong-cnc-j2089471.html,,Công ty Cổ phần Công nghiệp KIMSEN,,,,,,,,[],[],"['1 năm kinh nghiệm', 'Cao Đẳng trở lên', 'Chuyên môn Kỹ sư lập trình máy']",,,True,review,empty_title
https://www.topcv.vn/brand/tuyendungvietabank/tuyen-dung/chuyen-vien-cao-cap-an-ninh-thong-tin-lam-viec-tai-tp-ho-chi-minh-j601960.html,,NGÂN HÀNG TMCP VIỆT Á - VIETABANK,,,,,,,,[],[],"['2 năm kinh nghiệm', 'Đại Học trở lên', 'Bảo hiểm xã hội', 'Bảo hiểm sức khỏe', 'Khám sức khỏe định kỳ', 'Chuyên môn Công nghệ thông tin khác']",,,True,review,empty_title
https://www.topcv.vn/brand/fptis/tuyen-dung/chuyen-vien-tu-van-giai-phap-phan-mem-presales-j2084031.html,,,,,,,,,,[],[],[],,,True,review,empty_title
https://www.topcv.vn/brand/vpbank/tuyen-dung/senior-database-administrator-ta171-j2082361.html,,,,,,,,,,[],[],[],,,True,review,empty_title
https://www.topcv.vn/brand/fptis/tuyen-dung/system-administrator-aix-unix-linux-j2083570.html,,,,,,,,,,[],[],[],,,True,review,empty_title
https://www.topcv.vn/brand/tuyendungvietabank/tuyen-dung/chuyen-vien-phat-trien-ung-dung-mobile-app-ha-noi-j2076241.html,,NGÂN HÀNG TMCP VIỆT Á - VIETABANK,,,,,,,,[],[],"['1 năm kinh nghiệm', 'Cao Đẳng trở lên', 'Bảo hiểm xã hội', 'Bảo hiểm sức khỏe', 'Khám sức khỏe định kỳ', 'Chuyên môn Ngân hàng khác', 'Ngân hàng', 'Tài chính', 'IT - Phần mềm']",,,True,review,empty_title
https://www.topcv.vn/brand/techcombank/tuyen-dung/senior-pmo-j2026429.html,,NGÂN HÀNG THƯƠNG MẠI CỔ PHẦN KỸ THƯƠNG VIỆT NAM,,,,,,,,[],[],"['5 năm kinh nghiệm', 'Đại Học trở lên', 'Chuyên môn IT Project Manager', 'Ngân hàng', 'IT - Phần mềm', 'Kiểm toán']",,,True,review,empty_title
https://www.topcv.vn/brand/lottemart/tuyen-dung/design-intern-j2074507.html,,CÔNG TY CỔ PHẦN TRUNG TÂM THƯƠNG MẠI LOTTE VIỆT NAM,,,,,,,,[],[],"['Không cần kinh nghiệm', 'Đại Học trở lên', 'Nghỉ thứ 7', 'Chuyên môn Thiết kế đồ họa (Graphic Design)']",,,True,review,empty_title
https://www.topcv.vn/brand/vnresource1209/tuyen-dung/sales-executive-b2b-j1816911.html,,CÔNG TY CỔ PHẦN TÀI NGUYÊN TRI THỨC VIỆT NĂNG,,,,,,,,[],[],"['2 năm kinh nghiệm', 'Đại Học trở lên', 'Bảo hiểm xã hội', 'Thưởng cổ phần', 'Thưởng hiệu quả làm việc', 'Chuyên môn Kinh doanh phần mềm', 'IT - Phần mềm', 'B2B', 'Direct Sales']",,,True,review,empty_title
https://www.topcv.vn/brand/ahv/tuyen-dung/chuyen-vien-ui-ux-designer-j2071454.html,,,,,,,,,,[],[],[],,,True,review,empty_title
https://www.topcv.vn/brand/softdreams/tuyen-dung/kinh-doanh-du-an-phan-mem-j2070279.html,,CÔNG TY CỔ PHẦN ĐẦU TƯ CÔNG NGHỆ VÀ THƯƠNG MẠI SOFTDREAMS,,,,,,,,[],[],"['2 năm kinh nghiệm', 'Đại Học trở lên', 'Có hỗ trợ Data', 'Kinh doanh phần mềm', 'Kế toán', 'B2B', 'Direct Sales', 'Telesales']",,,True,review,empty_title
https://www.topcv.vn/brand/flyer/tuyen-dung/2d-game-artist-j1529970.html,,CÔNG TY CỔ PHẦN CÔNG NGHỆ FLYER,,,,,,,,[],[],"['3 năm kinh nghiệm', 'Đại Học trở lên', 'Nghỉ thứ 7', 'Bảo hiểm full lương', 'Du lịch hàng năm', 'Chuyên môn Thiết kế đồ họa (Graphic Design)', 'IT - Phần mềm']",,,True,review,empty_title
https://www.topcv.vn/brand/fptis/tuyen-dung/product-owner-rpa-product-j2068990.html,,FPT IS,,,,,,,,[],[],"['Trên 5 năm kinh nghiệm', 'Đại Học trở lên', 'Nghỉ thứ 7', 'Chuyên môn Product Owner/Product Manager']",,,True,review,empty_title
https://www.topcv.vn/brand/lottemart/tuyen-dung/vmd-design-assistant-manager-j2068872.html,,,,,,,,,,[],[],[],,,True,review,empty_title
https://www.topcv.vn/brand/fptedu1/tuyen-dung/graphic-designer-he-cao-dang-j1695203.html,,TỔ CHỨC GIÁO DỤC FPT Pro Company,,,,,,,,[],[],"['1 năm kinh nghiệm', 'Cao Đẳng trở lên', 'Bảo hiểm xã hội', 'Bảo hiểm sức khỏe', 'Khám sức khỏe định kỳ', 'Thiết kế đồ họa (Graphic Design)', 'Giáo dục / Đào tạo']",,,True,review,empty_title
https://www.topcv.vn/brand/fptedu1/tuyen-dung/chuyen-vien-2d-artist-design-j1613056.html,,TỔ CHỨC GIÁO DỤC FPT Pro Company,,,,,,,,[],[],"['1 năm kinh nghiệm', 'Cao Đẳng trở lên', 'Bảo hiểm xã hội', 'Bảo hiểm sức khỏe', 'Bảo hiểm sức khỏe ngưởi thân', 'Thiết kế đồ họa (Graphic Design)']",,,True,review,empty_title
https://www.topcv.vn/brand/fptis/tuyen-dung/data-engineer-j1999038.html,,FPT IS,,,,,,,,[],[],"['3 năm kinh nghiệm', 'Đại Học trở lên', 'Nghỉ thứ 7', 'Chuyên môn Data Engineer']",,,True,review,empty_title
https://www.topcv.vn/brand/uptik/tuyen-dung/junior-graphic-designer-j2066509.html,,UPTIK COMPANY LIMITED,,,,,,,,[],[],"['1 năm kinh nghiệm', 'Đại Học trở lên', 'Tiếng Anh Đọc hiểu', 'Bảo hiểm xã hội', 'Bảo hiểm sức khỏe', 'Thiết kế đồ họa (Graphic Design)', 'IT - Phần mềm', 'Thương mại điện tử']",,,True,review,empty_title
https://www.topcv.vn/brand/fpt-telecom/tuyen-dung/senior-data-scientist-business-machine-learning-hcm-j2001654.html,,,,,,,,,,[],[],[],,,True,review,empty_title
https://www.topcv.vn/brand/fptis/tuyen-dung/chuyen-gia-tu-van-giai-phap-ha-tang-trung-tam-du-lieu-dc-facilities-tm-j2063422.html,,FPT IS,,,,,,,,[],[],"['5 năm kinh nghiệm', 'Đại Học trở lên', 'Nghỉ thứ 7', 'Chuyên môn System Engineer']",,,True,review,empty_title
https://www.topcv.vn/brand/fptis/tuyen-dung/chuyen-gia-tu-van-giai-phap-smart-city-tm-j2063429.html,,FPT IS,,,,,,,,[],[],"['5 năm kinh nghiệm', 'Đại Học trở lên', 'Nghỉ thứ 7', 'Chuyên môn IT Consultant']",,,True,review,empty_title
https://www.topcv.vn/brand/nutricare/tuyen-dung/cong-tac-vien-motion-graphic-designer-j2031536.html,,CÔNG TY CỔ PHẦN DINH DƯỠNG NUTRICARE,,,,,,,,[],[],"['1 năm kinh nghiệm', 'Đại Học trở lên', 'Chuyên môn Thiết kế đồ họa (Graphic Design)', 'Bán lẻ - Hàng tiêu dùng - FMCG', 'Thực phẩm / Đồ uống']",,,True,review,empty_title
https://www.topcv.vn/brand/techcombank/tuyen-dung/expert-senior-it-vendor-management-j2065418.html,,NGÂN HÀNG THƯƠNG MẠI CỔ PHẦN KỸ THƯƠNG VIỆT NAM,,,,,,,,[],[],"['Trên 5 năm kinh nghiệm', 'Đại Học trở lên', 'Chuyên môn IT Consultant', 'Tài chính', 'Ngân hàng', 'Bảo hiểm']",,,True,review,empty_title
https://www.topcv.vn/brand/vpbank/tuyen-dung/group-it-service-management-officer-ha-noi-ta174-j2064041.html,,,,,,,,,,[],[],[],,,True,review,empty_title
https://www.topcv.vn/brand/fptedu1/tuyen-dung/graphic-designer-asia-university-vietnam-j2012604.html,,,,,,,,,,[],[],[],,,True,review,empty_title
https://www.topcv.vn/brand/topcv/tuyen-dung/ui-ux-design-j2060087.html,,,,,,,,,,[],[],[],,,True,review,empty_title
https://www.topcv.vn/brand/techcombank/tuyen-dung/expert-fraud-risk-data-analytics-and-portfolio-management-j2057306.html,,NGÂN HÀNG THƯƠNG MẠI CỔ PHẦN KỸ THƯƠNG VIỆT NAM,,,,,,,,[],[],"['5 năm kinh nghiệm', 'Đại Học trở lên', 'Chuyên môn Data Scientist', 'An ninh mạng', 'Ngân hàng', 'IT - Phần mềm']",,,True,review,empty_title
https://www.topcv.vn/brand/etek/tuyen-dung/ky-su-lap-trinh-plc-robot-j1937913.html,,CÔNG TY CỔ PHẦN GIẢI PHÁP TỰ ĐỘNG HÓA ETEK,,,,,,,,[],[],"['3 năm kinh nghiệm', 'Đại Học trở lên', 'Bảo hiểm xã hội', 'Khám sức khỏe định kỳ', 'Thưởng tháng 13', 'Chuyên môn Kỹ sư robot', 'Điện / Điện tử / Điện lạnh', 'Cơ khí / Tự động hóa']",,,True,review,empty_title
https://www.topcv.vn/brand/fpt-telecom/tuyen-dung/ky-su-cpe-wifi-xpon-linux-python-j2054711.html,,Công ty Cổ phần viễn thông FPT,,,,,,,,[],[],"['1 năm kinh nghiệm', 'Đại Học trở lên', 'Nam', 'Nghỉ thứ 7', 'Chuyên môn Kỹ sư truyền thông không dây/vô tuyến (RF)']",,,True,review,empty_title
https://www.topcv.vn/brand/fptsoftwareacademy/tuyen-dung/thuc-tap-sinh-thiet-ke-truyen-thong-j1600969.html,,FPT Software,,,,,,,,[],[],"['Không cần kinh nghiệm', 'Đại Học trở lên', 'Nghỉ thứ 7', 'Chuyên môn Thiết kế đồ họa (Graphic Design)', 'Thiết kế / Kiến trúc']",,,True,review,empty_title
https://www.topcv.vn/brand/sapovn/tuyen-dung/sale-phan-mem-xuat-hoa-don-dien-tu-cho-cac-nha-ban-hang-ha-noi-da-nang-dong-thap-duoc-dao-tao-thu-nhap-len-den-30-trieu-j2054469.html,,,,,,,,,,[],[],[],,,True,review,empty_title
https://www.topcv.vn/brand/techcombank/tuyen-dung/senior-it-risk-j1998720.html,,NGÂN HÀNG THƯƠNG MẠI CỔ PHẦN KỸ THƯƠNG VIỆT NAM,,,,,,,,[],[],"['3 năm kinh nghiệm', 'Đại Học trở lên', 'Chuyên môn Quản trị và vận hành bảo mật', 'Tài chính', 'Ngân hàng', 'Bảo hiểm']",,,True,review,empty_title
https://www.topcv.vn/brand/techcombank/tuyen-dung/credit-risk-analytics-and-modelling-expert-j1999111.html,,NGÂN HÀNG THƯƠNG MẠI CỔ PHẦN KỸ THƯƠNG VIỆT NAM,,,,,,,,[],[],"['Trên 5 năm kinh nghiệm', 'Đại Học trở lên', 'Chuyên môn Data Scientist', 'Ngân hàng', 'Tài chính', 'IT - Phần mềm']",,,True,review,empty_title
https://www.topcv.vn/brand/fptis/tuyen-dung/business-analyst-senior-j2022830.html,,,,,,,,,,[],[],[],,,True,review,empty_title
https://www.topcv.vn/brand/flyer/tuyen-dung/nhan-vien-kinh-doanh-b2c-j1621383.html,,CÔNG TY CỔ PHẦN CÔNG NGHỆ FLYER,,,,,,,,[],[],"['1 năm kinh nghiệm', 'Đại Học trở lên', 'Tuổi 22 - 27', 'Tiếng Anh TOEIC 650', 'Tiếng Anh TOEIC 600', 'Có hỗ trợ Data', 'Nghỉ thứ 7', 'Chuyên môn Kinh doanh phần mềm', 'IT - Phần mềm', 'Giáo dục / Đào tạo', 'B2C', 'B2B', 'Direct Sales', 'Online Sales']",,,True,review,empty_title
https://www.topcv.vn/brand/barett/tuyen-dung/chuyen-vien-thiet-ke-do-hoa-graphic-designer-j2051628.html,,CÔNG TY CỔ PHẦN THỰC PHẨM VÀ ĐỒ UỐNG BARETT,,,,,,,,[],[],"['2 năm kinh nghiệm', 'Đại Học trở lên', 'Chuyên môn Thiết kế đồ họa (Graphic Design)', 'Bán lẻ - Hàng tiêu dùng - FMCG', 'Thiết kế / Kiến trúc', 'Thực phẩm / Đồ uống']",,,True,review,empty_title
https://www.topcv.vn/brand/fptis/tuyen-dung/system-presales-j1832798.html,,FPT IS,,,,,,,,[],[],"['3 năm kinh nghiệm', 'Đại Học trở lên', 'Nghỉ thứ 7', 'Chuyên môn System Engineer']",,,True,review,empty_title
https://www.topcv.vn/brand/fptsoftwareacademy/tuyen-dung/process-quality-assurance-j1992775.html,,FPT Software,,,,,,,,[],[],"['1 năm kinh nghiệm', 'Đại Học trở lên', 'Nghỉ thứ 7', 'Chuyên môn Process Quality Assurance (PQA)', 'IT - Phần mềm']",,,True,review,empty_title
https://www.topcv.vn/brand/ahv/tuyen-dung/nhan-vien-tester-mobile-app-android-di-lam-ngay-j1947367.html,,CÔNG TY CỔ PHẦN ĐẦU TƯ AHV HOLDING,,,,,,,,[],[],"['1 năm kinh nghiệm', 'Đại Học trở lên', 'Tuổi 23 - 35', 'Nghỉ thứ 7', 'Bảo hiểm xã hội', 'Khám sức khỏe định kỳ', 'Chuyên môn Software Tester (Automation & Manual)', 'IT - Phần cứng và máy tính', 'IT - Phần mềm', 'Thương mại điện tử']",,,True,review,empty_title
https://www.topcv.vn/brand/softdreams/tuyen-dung/nhan-vien-kinh-doanh-phan-mem-thu-nhap-15-30tr-thang-khong-yeu-cau-kinh-nghiem-j2075642.html,,CÔNG TY CỔ PHẦN ĐẦU TƯ CÔNG NGHỆ VÀ THƯƠNG MẠI SOFTDREAMS,,,,,,,,[],[],"['Không cần kinh nghiệm', 'Trung học phổ thông (Cấp 3) trở lên', 'Có hỗ trợ Data', 'Bảo hiểm xã hội', 'Du lịch hàng năm', 'Kinh doanh phần mềm', 'IT - Phần mềm', 'Nhân sự', 'B2B', 'Direct Sales', 'Telesales']",,,True,review,empty_title
https://www.topcv.vn/brand/smartosc/tuyen-dung/devops-engineer-azure-j2075873.html,,CÔNG TY CỔ PHẦN SMARTOSC,,,,,,,,[],[],"['Trên 5 năm kinh nghiệm', 'Cao Đẳng trở lên', 'Nghỉ thứ 7', 'Chuyên môn DevOps Engineer', 'IT - Phần mềm', 'Điện toán đám mây (Cloud)']",,,True,review,empty_title
https://www.topcv.vn/brand/fptsoftwareacademy/tuyen-dung/fresher-embedded-developer-j1926862.html,,FPT Software,,,,,,,,[],[],"['Không cần kinh nghiệm', 'Đại Học trở lên', 'Nghỉ thứ 7', 'Chuyên môn Embedded Engineer/Lập trình nhúng', 'IT - Phần cứng và máy tính', 'IT - Phần mềm']",,,True,review,empty_title
https://www.topcv.vn/brand/softdreams/tuyen-dung/fresher-net-6-thang-1-nam-kn-thu-nhap-9-15tr-thang-j1938995.html,,CÔNG TY CỔ PHẦN ĐẦU TƯ CÔNG NGHỆ VÀ THƯƠNG MẠI SOFTDREAMS,,,,,,,,[],[],"['Dưới 1 năm kinh nghiệm', 'Đại Học trở lên', 'Nam', 'Bảo hiểm xã hội', 'Du lịch hàng năm', 'Thưởng tháng 13', 'Fullstack Developer', 'IT - Phần mềm']",,,True,review,empty_title
https://www.topcv.vn/brand/vpbank/tuyen-dung/cvcc-delivery-management-ta189-j2070234.html,,,,,,,,,,[],[],[],,,True,review,empty_title
https://www.topcv.vn/brand/flyer/tuyen-dung/business-development-executive-data-cung-cap-san-giai-phap-cong-nghe-giao-duc-j1713847.html,,CÔNG TY CỔ PHẦN CÔNG NGHỆ FLYER,,,,,,,,[],[],"['Dưới 1 năm kinh nghiệm', 'Đại Học trở lên', 'Tuổi 21 - 27', 'Tiếng Anh IELTS 6.0', 'Tiếng Anh TOEIC 750', 'Có hỗ trợ Data', 'Nghỉ thứ 7', 'Bảo hiểm xã hội', 'Chuyên môn Kinh doanh phần mềm', 'IT - Phần mềm', 'Giáo dục / Đào tạo', 'B2B', 'Online Sales']",,,True,review,empty_title
https://www.topcv.vn/brand/fptis/tuyen-dung/ui-ux-intern-j1919705.html,,FPT IS,,,,,,,,[],[],"['Không cần kinh nghiệm', 'Đại Học trở lên', 'Nghỉ thứ 7', 'Chuyên môn UI/UX Design']",,,True,review,empty_title
https://www.topcv.vn/brand/flyer/tuyen-dung/team-leader-sales-b2b-san-pham-phan-mem-giao-duc-open-onboard-sau-tet-j1989477.html,,CÔNG TY CỔ PHẦN CÔNG NGHỆ FLYER,,,,,,,,[],[],"['2 năm kinh nghiệm', 'Đại Học trở lên', 'Tuổi 24 - 28', 'Tiếng Anh TOEIC 750', 'Tiếng Anh IELTS 6.0', 'Có hỗ trợ Data', 'Nghỉ thứ 7', 'Chuyên môn Kinh doanh phần mềm', 'IT - Phần mềm', 'Giáo dục / Đào tạo', 'B2B', 'Online Sales', 'Direct Sales']",,,True,review,empty_title
https://www.topcv.vn/brand/smartosc/tuyen-dung/senior-agentic-ai-expert-j2069727.html,,CÔNG TY CỔ PHẦN SMARTOSC,,,,,,,,[],[],"['Trên 5 năm kinh nghiệm', 'Đại Học trở lên', 'Nghỉ thứ 7', 'Chuyên môn AI Engineer']",,,True,review,empty_title
https://www.topcv.vn/brand/flyer/tuyen-dung/nhan-vien-kinh-doanh-sales-b2c-j1430118.html,,CÔNG TY CỔ PHẦN CÔNG NGHỆ FLYER,,,,,,,,[],[],"['Dưới 1 năm kinh nghiệm', 'Cao Đẳng trở lên', 'Có hỗ trợ Data', 'Nghỉ thứ 7', 'Chuyên môn Kinh doanh phần mềm', 'Giáo dục / Đào tạo', 'IT - Phần mềm', 'B2C', 'B2B', 'Telesales', 'Online Sales']",,,True,review,empty_title
https://www.topcv.vn/brand/fptedu1/tuyen-dung/devops-engineer-j1369467.html,,TỔ CHỨC GIÁO DỤC FPT Pro Company,,,,,,,,[],[],"['1 năm kinh nghiệm', 'Đại Học trở lên', 'Bảo hiểm xã hội', 'Khám sức khỏe định kỳ', 'Bảo hiểm sức khỏe', 'DevOps Engineer']",,,True,review,empty_title
https://www.topcv.vn/brand/softdreams/tuyen-dung/nhan-vien-thiet-ke-do-hoa-graphic-design-j2093959.html,,CÔNG TY CỔ PHẦN ĐẦU TƯ CÔNG NGHỆ VÀ THƯƠNG MẠI SOFTDREAMS,,,,,,,,[],[],"['1 năm kinh nghiệm', 'Cao Đẳng trở lên', 'Tuổi 22 - 30', 'Thiết kế đồ họa (Graphic Design)', 'Marketing / Quảng cáo']",,,True,review,empty_title
https://www.topcv.vn/brand/fptis/tuyen-dung/devops-engineer-j2093233.html,,FPT IS,,,,,,,,[],[],"['1 năm kinh nghiệm', 'Đại Học trở lên', 'Nghỉ thứ 7', 'Chuyên môn DevOps Engineer']",,,True,review,empty_title
https://www.topcv.vn/brand/fptis/tuyen-dung/thuc-tap-sinh-kiem-thu-phan-mem-tester-intern-j2079032.html,,FPT IS,,,,,,,,[],[],"['Không cần kinh nghiệm', 'Đại Học trở lên', 'Nghỉ thứ 7', 'Chuyên môn Manual Tester']",,,True,review,empty_title
https://www.topcv.vn/brand/fptis/tuyen-dung/thuc-tap-sinh-thiet-ke-j2092510.html,,FPT IS,,,,,,,,[],[],"['Dưới 1 năm kinh nghiệm', 'Cao Đẳng trở lên', 'Nghỉ thứ 7', 'Chuyên môn Thiết kế đồ họa (Graphic Design)', 'Mỹ thuật / Nghệ thuật / Điện ảnh']",,,True,review,empty_title
https://www.topcv.vn/brand/fptis/tuyen-dung/software-tester-j2028716.html,,FPT IS,,,,,,,,[],[],"['3 năm kinh nghiệm', 'Đại Học trở lên', 'Nghỉ thứ 7', 'Chuyên môn Manual Tester', 'IT - Phần mềm']",,,True,review,empty_title
https://www.topcv.vn/brand/galaxydebt/tuyen-dung/data-analyst-teamleader-collection-analytics-thu-nhap-50-trieu-tai-ho-chi-minh-j1968188.html,,GALAXY DEBT TRADING COMPANY LIMITED,,,,,,,,[],[],"['1 năm kinh nghiệm', 'Đại Học trở lên', 'Tuổi 25 - 40', 'Chuyên môn Data Analyst', 'Tài chính', 'Ngân hàng']",,,True,review,empty_title
https://www.topcv.vn/brand/coolmate/tuyen-dung/fullstack-developer-nodejs-yeu-cau-kinh-nghiem-tu-4-nam-tro-len-coolmate-j2067863.html,,CÔNG TY TNHH FASTECH ASIA,,,,,,,,[],[],"['4 năm kinh nghiệm', 'Cao Đẳng trở lên', 'Tuổi 24 - 35', 'Nam', 'Nghỉ thứ 7', 'Chuyên môn Backend Developer', 'IT - Phần mềm', 'Thương mại điện tử', 'IT - Phần cứng và máy tính']",,,True,review,empty_title
https://www.topcv.vn/brand/ahv/tuyen-dung/mobile-developer-kotlin-junior-level-android-product-luong-upto-25-000-000d-ha-noi-di-lam-luon-j1781998.html,,CÔNG TY CỔ PHẦN ĐẦU TƯ AHV HOLDING,,,,,,,,[],[],"['2 năm kinh nghiệm', 'Đại Học trở lên', 'Tuổi 25 - 45', 'Nghỉ thứ 7', 'Bảo hiểm xã hội', 'Khám sức khỏe định kỳ', 'Chuyên môn Mobile Developer', 'IT - Phần mềm', 'Công nghệ kỹ thuật', 'IT - Phần cứng và máy tính']",,,True,review,empty_title
https://www.topcv.vn/brand/fptis/tuyen-dung/thuc-tap-sinh-lap-trinh-angular-j2091971.html,,FPT IS,,,,,,,,[],[],"['Không cần kinh nghiệm', 'Cao Đẳng trở lên', 'Nghỉ thứ 7', 'Chuyên môn Frontend Developer']",,,True,review,empty_title
https://www.topcv.vn/brand/sapovn/tuyen-dung/tester-product-j2035687.html,,Công ty cổ phần Công nghệ Sapo,,,,,,,,[],[],"['2 năm kinh nghiệm', 'Đại Học trở lên', 'Nữ', 'Nghỉ thứ 7', 'Chuyên môn Software Tester (Automation & Manual)', 'IT - Phần mềm', 'IT - Phần cứng và máy tính']",,,True,review,empty_title
https://www.topcv.vn/brand/sapovn/tuyen-dung/business-analyst-j2035701.html,,Công ty cổ phần Công nghệ Sapo,,,,,,,,[],[],"['3 năm kinh nghiệm', 'Đại Học trở lên', 'Nghỉ thứ 7', 'Chuyên môn Business Analyst (Phân tích nghiệp vụ)', 'IT - Phần mềm', 'IT - Phần cứng và máy tính']",,,True,review,empty_title
https://www.topcv.vn/brand/goldenlotusjewelry/tuyen-dung/chuyen-vien-thiet-ke-do-hoa-2d-j2091483.html,,CÔNG TY TNHH MTV SEN VÀNG VIỆT NAM,,,,,,,,[],[],"['1 năm kinh nghiệm', 'Đại Học trở lên', 'Tuổi 24 - 35', 'Chuyên môn Thiết kế đồ họa (Graphic Design)']",,,True,review,empty_title
https://www.topcv.vn/brand/nganhangthuongmaicophanquandoi/tuyen-dung/junior-senior-backeend-engineer-java-go-khoi-cong-nghe-thong-tin-holt-03-j2066832.html,,,,,,,,,,[],[],[],,,True,review,empty_title
https://www.topcv.vn/brand/softdreams/tuyen-dung/lap-trinh-vien-php-offer-9-12tr-6-thang-1-nam-kinh-nghiem-j2065234.html,,CÔNG TY CỔ PHẦN ĐẦU TƯ CÔNG NGHỆ VÀ THƯƠNG MẠI SOFTDREAMS,,,,,,,,[],[],"['Dưới 1 năm kinh nghiệm', 'Đại Học trở lên', 'Fullstack Developer', 'IT - Phần mềm', 'IT - Phần cứng và máy tính', 'An ninh mạng']",,,True,review,empty_title
https://www.topcv.vn/brand/softdreams/tuyen-dung/fresher-frontend-developer-angular-8-13m-thang-6-thang-1-nam-kn-j1971713.html,,CÔNG TY CỔ PHẦN ĐẦU TƯ CÔNG NGHỆ VÀ THƯƠNG MẠI SOFTDREAMS,,,,,,,,[],[],"['Dưới 1 năm kinh nghiệm', 'Đại Học trở lên', 'Frontend Developer', 'IT - Phần mềm', 'IT - Phần cứng và máy tính', 'An ninh mạng']",,,True,review,empty_title
https://www.topcv.vn/brand/beeogisticscorporation/tuyen-dung/lap-trinh-vien-j2087342.html,,,,,,,,,,[],[],[],,,True,review,empty_title
https://www.topcv.vn/brand/fptis/tuyen-dung/thuc-tap-sinh-phat-trien-kinh-doanh-san-pham-cntt-j2089157.html,,FPT IS,,,,,,,,[],[],"['Không cần kinh nghiệm', 'Đại Học trở lên', 'Nghỉ thứ 7', 'Chuyên môn Kinh doanh phần mềm', 'IT - Phần mềm', 'B2C']",,,True,review,empty_title
https://www.topcv.vn/brand/fptis/tuyen-dung/lap-trinh-vien-frontend-j2033591.html,,FPT IS,,,,,,,,[],[],"['2 năm kinh nghiệm', 'Đại Học trở lên', 'Nghỉ thứ 7', 'Chuyên môn Frontend Developer', 'IT - Phần mềm']",,,True,review,empty_title
https://www.topcv.vn/brand/ahv/tuyen-dung/ua-marketing-marketing-android-app-co-kinh-nghiem-j1750989.html,,CÔNG TY CỔ PHẦN ĐẦU TƯ AHV HOLDING,,,,,,,,[],[],"['2 năm kinh nghiệm', 'Đại Học trở lên', 'Tuổi 25 - 50', 'Nghỉ thứ 7', 'Bảo hiểm xã hội', 'Khám sức khỏe định kỳ', 'Chuyên môn Marketing Manager', 'Marketing / Quảng cáo', 'IT - Phần mềm', 'Game']",,,True,review,empty_title
https://www.topcv.vn/brand/cennext/tuyen-dung/wordpress-developer-senior-level-20h-05h-remote-j1867723.html,,CENNEXT,,,,,,,,[],[],"['3 năm kinh nghiệm', 'Cao Đẳng trở lên', 'Tiếng Anh Giao tiếp cơ bản', 'Tiếng Anh Giao tiếp thành thạo', 'Bảo hiểm xã hội', 'Khám sức khỏe định kỳ', 'Thưởng tháng 13', 'Chuyên môn Frontend Developer', 'IT - Phần mềm']",,,True,review,empty_title
https://www.topcv.vn/brand/coolmate/tuyen-dung/graphic-design-internship-j2087164.html,,CÔNG TY TNHH FASTECH ASIA,,,,,,,,[],[],"['Không cần kinh nghiệm', 'Cao Đẳng trở lên', 'Tuổi 20 - 25', 'Chuyên môn Thiết kế đồ họa (Graphic Design)', 'May mặc / Thời trang', 'In ấn / Xuất bản', 'Mỹ thuật / Nghệ thuật / Điện ảnh']",,,True,review,empty_title
https://www.topcv.vn/brand/fptis/tuyen-dung/thuc-tap-sinh-phan-tich-nghiep-vu-business-analyst-intern-j2086313.html,,FPT IS,,,,,,,,[],[],"['Không cần kinh nghiệm', 'Đại Học trở lên', 'Nghỉ thứ 7', 'Chuyên môn Business Analyst (Phân tích nghiệp vụ)', 'IT - Phần mềm']",,,True,review,empty_title
https://www.topcv.vn/brand/smartosc/tuyen-dung/chuyen-vien-it-risk-compliance-j2059726.html,,CÔNG TY CỔ PHẦN SMARTOSC,,,,,,,,[],[],"['3 năm kinh nghiệm', 'Đại Học trở lên', 'Tuổi 25 - 35', 'Nghỉ thứ 7', 'Chuyên môn Quản trị và vận hành bảo mật']",,,True,review,empty_title
https://www.topcv.vn/brand/fpt-telecom/tuyen-dung/system-engineer-server-and-storage-j2085270.html,,Công ty Cổ phần viễn thông FPT,,,,,,,,[],[],"['3 năm kinh nghiệm', 'Đại Học trở lên', 'Nghỉ thứ 7', 'Chuyên môn System Engineer', 'IT - Phần mềm']",,,True,review,empty_title
https://www.topcv.vn/brand/fpt-telecom/tuyen-dung/product-executive-ai-camera-platform-j2085436.html,,Công ty Cổ phần viễn thông FPT,,,,,,,,[],[],"['3 năm kinh nghiệm', 'Đại Học trở lên', 'Nghỉ thứ 7', 'Chuyên môn Business Analyst (Phân tích nghiệp vụ)', 'IT - Phần mềm']",,,True,review,empty_title
https://www.topcv.vn/brand/fptis/tuyen-dung/business-analyst-du-an-dich-vu-cong-chinh-phu-j2083528.html,,FPT IS,,,,,,,,[],[],"['3 năm kinh nghiệm', 'Đại Học trở lên', 'Nghỉ thứ 7', 'Chuyên môn Business Analyst (Phân tích nghiệp vụ)']",,,True,review,empty_title
https://www.topcv.vn/brand/softdreams/tuyen-dung/middle-tester-tu-4-nam-kinh-nghiem-luong-thoa-thuan-theo-nang-luc-j2057342.html,,CÔNG TY CỔ PHẦN ĐẦU TƯ CÔNG NGHỆ VÀ THƯƠNG MẠI SOFTDREAMS,,,,,,,,[],[],"['4 năm kinh nghiệm', 'Đại Học trở lên', 'Nghỉ thứ 7', 'Software Tester (Automation & Manual)', 'IT - Phần mềm', 'IT - Phần cứng và máy tính', 'An ninh mạng']",,,True,review,empty_title
https://www.topcv.vn/brand/fptsoftwareacademy/tuyen-dung/on-job-training-erp-technical-consultant-j2082765.html,,,,,,,,,,[],[],[],,,True,review,empty_title
https://www.topcv.vn/brand/fptis/tuyen-dung/manual-tester-intern-thuc-tap-sinh-kiem-thu-phan-mem-j2081005.html,,FPT IS,,,,,,,,[],[],"['Không cần kinh nghiệm', 'Đại Học trở lên', 'Nghỉ thứ 7', 'Chuyên môn Software Tester (Automation & Manual)', 'IT - Phần mềm']",,,True,review,empty_title
https://www.topcv.vn/brand/fptsoftwareacademy/tuyen-dung/on-job-training-ai-j2082310.html,,FPT Software,,,,,,,,[],[],"['Không cần kinh nghiệm', 'Đại Học trở lên', 'Tiếng Anh Giao tiếp thành thạo', 'Nghỉ thứ 7', 'Chuyên môn AI Engineer']",,,True,review,empty_title
https://www.topcv.vn/brand/fptsoftwareacademy/tuyen-dung/fresher-c-c-developer-j1247718.html,,FPT Software,,,,,,,,[],[],"['Không cần kinh nghiệm', 'Đại Học trở lên', 'Nghỉ thứ 7', 'Chuyên môn Software Engineer', 'IT - Phần mềm', 'Cơ khí / Tự động hóa', 'Công nghệ kỹ thuật']",,,True,review,empty_title
https://www.topcv.vn/brand/fptsoftwareacademy/tuyen-dung/lap-trinh-vien-c-c-talent-j2014262.html,,FPT Software,,,,,,,,[],[],"['Không cần kinh nghiệm', 'Đại Học trở lên', 'Tuổi 22 - 26', 'Tiếng Anh TOEIC 600', 'Nghỉ thứ 7', 'Chuyên môn Software Engineer', 'IT - Phần mềm']",,,True,review,empty_title
https://www.topcv.vn/brand/fptsoftwareacademy/tuyen-dung/thuc-tap-sinh-data-engineer-j1572667.html,,FPT Software,,,,,,,,[],[],"['Không cần kinh nghiệm', 'Đại Học trở lên', 'Tiếng Anh Giao tiếp thành thạo', 'Nghỉ thứ 7', 'Chuyên môn Data Engineer']",,,True,review,empty_title
https://www.topcv.vn/brand/techcombank/tuyen-dung/quan-ly-du-an-j2079694.html,,NGÂN HÀNG THƯƠNG MẠI CỔ PHẦN KỸ THƯƠNG VIỆT NAM,,,,,,,,[],[],"['Trên 5 năm kinh nghiệm', 'Đại Học trở lên', 'Chuyên môn IT Project Manager']",,,True,review,empty_title
https://www.topcv.vn/brand/srtmiennam/tuyen-dung/graphic-designer-nganh-bat-dong-san-j2004789.html,,CÔNG TY TNHH THƯƠNG MẠI VÀ ĐẦU TƯ SRT MIỀN NAM,,,,,,,,[],[],"['1 năm kinh nghiệm', 'Trung cấp trở lên', 'Thiết kế đồ họa (Graphic Design)']",,,True,review,empty_title
https://www.topcv.vn/brand/sapovn/tuyen-dung/devops-engineer-j1941035.html,,Công ty cổ phần Công nghệ Sapo,,,,,,,,[],[],"['3 năm kinh nghiệm', 'Đại Học trở lên', 'Nghỉ thứ 7', 'Chuyên môn DevOps Engineer', 'IT - Phần cứng và máy tính', 'IT - Phần mềm', 'Điện toán đám mây (Cloud)']",,,True,review,empty_title
https://www.topcv.vn/brand/cennext/tuyen-dung/english-content-writer-wordpress-j1895563.html,,CENNEXT,,,,,,,,[],[],"['1 năm kinh nghiệm', 'Trung cấp trở lên', 'Tiếng Anh Giao tiếp thành thạo', 'Bảo hiểm xã hội', 'Khám sức khỏe định kỳ', 'Thưởng tháng 13', 'Chuyên môn Content Marketing', 'Báo chí', 'Marketing / Quảng cáo', 'Mỹ thuật / Nghệ thuật / Điện ảnh']",,,True,review,empty_title
https://www.topcv.vn/brand/fpt-telecom/tuyen-dung/it-network-engineer-j2077720.html,,,,,,,,,,[],[],[],,,True,review,empty_title
https://www.topcv.vn/brand/fpt-telecom/tuyen-dung/nhan-vien-it-helpdesk-j2078874.html,,Công ty Cổ phần viễn thông FPT,,,,,,,,[],[],"['1 năm kinh nghiệm', 'Cao Đẳng trở lên', 'Nam', 'Chuyên môn IT Helpdesk/IT support', 'IT - Phần cứng và máy tính', 'IT - Phần mềm', 'Viễn thông']",,,True,review,empty_title
https://www.topcv.vn/brand/softdreams/tuyen-dung/fresher-rd-engineer-data-warehousedwh-c-java-python-j2053169.html,,CÔNG TY CỔ PHẦN ĐẦU TƯ CÔNG NGHỆ VÀ THƯƠNG MẠI SOFTDREAMS,,,,,,,,[],[],"['Dưới 1 năm kinh nghiệm', 'Đại Học trở lên', 'Fullstack Developer', 'IT - Phần mềm', 'IT - Phần cứng và máy tính', 'An ninh mạng']",,,True,review,empty_title
https://www.topcv.vn/brand/kamereo/tuyen-dung/java-developer-backend-engineer-j2052109.html,,CÔNG TY TNHH KAMEREO,,,,,,,,[],[],"['3 năm kinh nghiệm', 'Đại Học trở lên', 'Nghỉ thứ 7', 'Bảo hiểm xã hội', 'Khám sức khỏe định kỳ', 'Chuyên môn Backend Developer']",,,True,review,empty_title
https://www.topcv.vn/brand/softdreams/tuyen-dung/fresher-python-developer-6thang-1-nam-kn-offer-9-13m-thang-j1979379.html,,CÔNG TY CỔ PHẦN ĐẦU TƯ CÔNG NGHỆ VÀ THƯƠNG MẠI SOFTDREAMS,,,,,,,,[],[],"['Dưới 1 năm kinh nghiệm', 'Đại Học trở lên', 'Backend Developer', 'IT - Phần mềm', 'IT - Phần cứng và máy tính', 'An ninh mạng']",,,True,review,empty_title
https://www.topcv.vn/brand/monahost/tuyen-dung/chien-dich-tuyen-sales-phan-mem-j2049217.html,,CÔNG TY TNHH MONA HOST,,,,,,,,[],[],"['Dưới 1 năm kinh nghiệm', 'Trung cấp trở lên', 'Tuổi 23 - 30', 'Có phương tiện di chuyển', 'Có hỗ trợ Data', 'Nghỉ thứ 7', 'Chuyên môn Kinh doanh phần mềm', 'IT - Phần mềm', 'Thương mại điện tử', 'B2B', 'B2C', 'Direct Sales']",,,True,review,empty_title
https://www.topcv.vn/brand/sapovn/tuyen-dung/fullstack-java-developer-j2035555.html,,Công ty cổ phần Công nghệ Sapo,,,,,,,,[],[],"['3 năm kinh nghiệm', 'Đại Học trở lên', 'Nghỉ thứ 7', 'Chuyên môn Fullstack Developer', 'IT - Phần mềm', 'IT - Phần cứng và máy tính']",,,True,review,empty_title
https://www.topcv.vn/brand/fptis/tuyen-dung/thuc-tap-sinh-kinh-doanh-j2078783.html,,FPT IS,,,,,,,,[],[],"['Không cần kinh nghiệm', 'Đại Học trở lên', 'Nghỉ thứ 7', 'Chuyên môn Kinh doanh phần mềm', 'B2B', 'Direct Sales']",,,True,review,empty_title
https://www.topcv.vn/brand/fptis/tuyen-dung/thuc-tap-sinh-lap-trinh-python-j2078650.html,,FPT IS,,,,,,,,[],[],"['Không cần kinh nghiệm', 'Đại Học trở lên', 'Nghỉ thứ 7', 'Chuyên môn Fullstack Developer']",,,True,review,empty_title
https://www.topcv.vn/brand/shinhanfinance1/tuyen-dung/system-administration-supervisor-j1882493.html,,SHINHAN FINANCE Pro Company,,,,,,,,[],[],"['4 năm kinh nghiệm', 'Cao Đẳng trở lên', 'Từ 26 tuổi trở lên', 'Nam', 'Nghỉ thứ 7', 'System Administrator', 'Tài chính', 'Ngân hàng']",,,True,review,empty_title
https://www.topcv.vn/brand/vuihoc/tuyen-dung/chuyen-vien-kiem-thu-phan-mem-thu-nhap-15-22-trieu-thang-yeu-cau-tu-2-nam-kinh-nghiem-j1922895.html,,,,,,,,,,[],[],[],,,True,review,empty_title
https://www.topcv.vn/brand/vpbank/tuyen-dung/project-manager-group-itsm-ha-noi-ta174-j2075402.html,,,,,,,,,,[],[],[],,,True,review,empty_title
https://www.topcv.vn/brand/fptis/tuyen-dung/dev-intern-net-j2076687.html,,FPT IS,,,,,,,,[],[],"['Không cần kinh nghiệm', 'Đại Học trở lên', 'Nghỉ thứ 7', 'Chuyên môn Software Engineer']",,,True,review,empty_title
https://www.topcv.vn/brand/transcosmoshochiminh/tuyen-dung/data-analyst-workforce-management-j2048873.html,,CÔNG TY TNHH TRANSCOSMOS VIỆT NAM,,,,,,,,[],[],"['1 năm kinh nghiệm', 'Cao Đẳng trở lên', 'Chuyên môn Data Labeling (Gán nhãn dữ liệu)', 'Thương mại điện tử', 'IT - Phần mềm', 'IT - Phần cứng và máy tính']",,,True,review,empty_title
https://www.topcv.vn/brand/goldenlotusjewelry/tuyen-dung/business-analyst-j1866073.html,,CÔNG TY TNHH MTV SEN VÀNG VIỆT NAM,,,,,,,,[],[],"['3 năm kinh nghiệm', 'Cao Đẳng trở lên', 'Chuyên môn Business Analyst (Phân tích nghiệp vụ)', 'IT - Phần mềm', 'IT - Phần cứng và máy tính']",,,True,review,empty_title
https://www.topcv.vn/brand/flyer/tuyen-dung/chuyen-vien-phan-tich-nghiep-vu-business-analyst-ha-noi-j1601085.html,,CÔNG TY CỔ PHẦN CÔNG NGHỆ FLYER,,,,,,,,[],[],"['2 năm kinh nghiệm', 'Đại Học trở lên', 'Tuổi 22 - 27', 'Tiếng Anh TOEIC 700', 'Tiếng Anh IELTS 6.0', 'Tiếng Anh IELTS 6.5', 'Nghỉ thứ 7', 'Chuyên môn Business Analyst (Phân tích nghiệp vụ)', 'IT - Phần mềm', 'Giáo dục / Đào tạo']",,,True,review,empty_title
https://www.topcv.vn/brand/softdreams/tuyen-dung/network-engineer-tu-3-nam-kinh-nghiem-luong-20-35tr-thang-j2017328.html,,CÔNG TY CỔ PHẦN ĐẦU TƯ CÔNG NGHỆ VÀ THƯƠNG MẠI SOFTDREAMS,,,,,,,,[],[],"['3 năm kinh nghiệm', 'Đại Học trở lên', 'Network Engineer', 'An ninh mạng', 'IT - Phần cứng và máy tính', 'IT - Phần mềm']",,,True,review,empty_title
https://www.topcv.vn/brand/fptis/tuyen-dung/chuyen-vien-phat-trien-kinh-doanh-j2075366.html,,FPT IS,,,,,,,,[],[],"['3 năm kinh nghiệm', 'Đại Học trở lên', 'Nghỉ thứ 7', 'Chuyên môn Kinh doanh phần mềm', 'B2B', 'B2G', 'Direct Sales']",,,True,review,empty_title
https://www.topcv.vn/brand/fpt-telecom/tuyen-dung/chuyen-vien-quan-ly-chat-luong-quality-assurance-j2005913.html,,Công ty Cổ phần viễn thông FPT,,,,,,,,[],[],"['1 năm kinh nghiệm', 'Đại Học trở lên', 'Nghỉ thứ 7', 'Chuyên môn Process Quality Assurance (PQA)']",,,True,review,empty_title
https://www.topcv.vn/brand/fptis/tuyen-dung/devops-engineer-j2074599.html,,FPT IS,,,,,,,,[],[],"['2 năm kinh nghiệm', 'Đại Học trở lên', 'Nghỉ thứ 7', 'Chuyên môn DevOps Engineer', 'IT - Phần mềm']",,,True,review,empty_title
https://www.topcv.vn/brand/ppplaserclinic/tuyen-dung/creative-graphic-designer-j2074329.html,,PPP Laser Clinic,,,,,,,,[],[],"['3 năm kinh nghiệm', 'Đại Học trở lên', 'Thiết kế đồ họa (Graphic Design)', 'Bán lẻ - Hàng tiêu dùng - FMCG', 'Mỹ thuật / Nghệ thuật / Điện ảnh', 'Chăm sóc sức khỏe / Làm đẹp']",,,True,review,empty_title
https://www.topcv.vn/brand/fptsoftwareacademy/tuyen-dung/intern-java-j1992882.html,,FPT Software,,,,,,,,[],[],"['Không cần kinh nghiệm', 'Đại Học trở lên', 'Tiếng Anh Giao tiếp thành thạo', 'Nghỉ thứ 7', 'Chuyên môn Software Engineer', 'IT - Phần mềm']",,,True,review,empty_title
https://www.topcv.vn/brand/fptsoftwareacademy/tuyen-dung/fresher-net-j2073398.html,,,,,,,,,,[],[],[],,,True,review,empty_title
https://www.topcv.vn/brand/fptis/tuyen-dung/automation-tester-j2073701.html,,FPT IS,,,,,,,,[],[],"['2 năm kinh nghiệm', 'Đại Học trở lên', 'Nghỉ thứ 7', 'Chuyên môn Automation Tester']",,,True,review,empty_title
https://www.topcv.vn/brand/vpbank/tuyen-dung/senior-ai-engineer-ha-noi-ta174-j2069772.html,,,,,,,,,,[],[],[],,,True,review,empty_title
https://www.topcv.vn/brand/vpbank/tuyen-dung/data-engineer-ta188-j2070672.html,,,,,,,,,,[],[],[],,,True,review,empty_title
https://www.topcv.vn/brand/fptsoftwareacademy/tuyen-dung/thuc-tap-sinh-devops-j1683787.html,,FPT Software,,,,,,,,[],[],"['Không cần kinh nghiệm', 'Đại Học trở lên', 'Nghỉ thứ 7', 'Chuyên môn DevOps Engineer', 'IT - Phần mềm', 'Điện toán đám mây (Cloud)']",,,True,review,empty_title
https://www.topcv.vn/brand/fptis/tuyen-dung/system-admin-l2-tm-j2069004.html,,,,,,,,,,[],[],[],,,True,review,empty_title
https://www.topcv.vn/brand/smartosc/tuyen-dung/process-quality-assurance-j2066751.html,,,,,,,,,,[],[],[],,,True,review,empty_title
https://www.topcv.vn/brand/sofitel/tuyen-dung/site-reliability-engineer-sre-trong-devops-team-j1952894.html,,CÔNG TY TNHH CÁC GIẢI PHÁP SOFTEL,,,,,,,,[],[],"['2 năm kinh nghiệm', 'Đại Học trở lên', 'Tiếng Anh Đọc hiểu', 'Nghỉ thứ 7', 'Chuyên môn DevOps Engineer', 'IT - Phần mềm', 'Viễn thông']",,,True,review,empty_title
https://www.topcv.vn/brand/fptis/tuyen-dung/ai-engineer-j2071243.html,,,,,,,,,,[],[],[],,,True,review,empty_title
https://www.topcv.vn/brand/fptis/tuyen-dung/thuc-tap-sinh-pmo-project-management-officer-j2069987.html,,FPT IS,,,,,,,,[],[],"['Không cần kinh nghiệm', 'Cao Đẳng trở lên', 'Nghỉ thứ 7', 'Chuyên môn Công nghệ thông tin khác']",,,True,review,empty_title
https://www.topcv.vn/brand/scotsenglishaustralia/tuyen-dung/quan-ly-du-an-khoi-cong-nghe-pm-luong-upto-27-trieu-j2070253.html,,CÔNG TY CỔ PHẦN SCOTS ENGLISH AUSTRALIA,,,,,,,,[],[],"['2 năm kinh nghiệm', 'Đại Học trở lên', 'Chuyên môn Product Owner/Product Manager', 'IT - Phần mềm', 'Giáo dục / Đào tạo']",,,True,review,empty_title
https://www.topcv.vn/brand/fpt-telecom/tuyen-dung/net-developer-j2069201.html,,Công ty Cổ phần viễn thông FPT,,,,,,,,[],[],"['2 năm kinh nghiệm', 'Đại Học trở lên', 'Nghỉ thứ 7', 'Chuyên môn Fullstack Developer', 'IT - Phần mềm']",,,True,review,empty_title
https://www.topcv.vn/brand/fpt-telecom/tuyen-dung/devops-engineer-kubernetes-cloud-j2069203.html,,Công ty Cổ phần viễn thông FPT,,,,,,,,[],[],"['2 năm kinh nghiệm', 'Đại Học trở lên', 'Nghỉ thứ 7', 'Chuyên môn DevOps Engineer', 'IT - Phần mềm']",,,True,review,empty_title
https://www.topcv.vn/brand/fptsoftwareacademy/tuyen-dung/fresher-android-talent-j903632.html,,FPT Software,,,,,,,,[],[],"['Dưới 1 năm kinh nghiệm', 'Đại Học trở lên', 'Tiếng Anh TOEIC 750', 'Tiếng Anh TOEIC 800', 'Tiếng Anh IELTS 6.0', 'Tiếng Anh IELTS 6.5', 'Tiếng Anh IELTS 7.0', 'Tiếng Anh IELTS 7.5', 'Tiếng Anh IELTS 8.0', 'Tiếng Nhật JLPT N4', 'Tiếng Nhật JLPT N3', 'Tiếng Nhật JLPT N2', 'Nghỉ thứ 7', 'Chuyên môn Mobile Developer', 'IT - Phần mềm']",,,True,review,empty_title
https://www.topcv.vn/brand/fptsoftwareacademy/tuyen-dung/fresher-data-engineer-j1247332.html,,,,,,,,,,[],[],[],,,True,review,empty_title
https://www.topcv.vn/brand/fptis/tuyen-dung/thuc-tap-sinh-quan-tri-du-an-j2068406.html,,FPT IS,,,,,,,,[],[],"['Không cần kinh nghiệm', 'Đại Học trở lên', 'Nghỉ thứ 7', 'Chuyên môn Product Analyst/Research']",,,True,review,empty_title
https://www.topcv.vn/brand/scotsenglishaustralia/tuyen-dung/nhan-vien-quan-tri-he-thong-cong-nghe-thong-tin-luong-upto-27-trieu-j2068529.html,,CÔNG TY CỔ PHẦN SCOTS ENGLISH AUSTRALIA,,,,,,,,[],[],"['3 năm kinh nghiệm', 'Đại Học trở lên', 'Chuyên môn System Administrator', 'IT - Phần mềm', 'Giáo dục / Đào tạo']",,,True,review,empty_title
https://www.topcv.vn/brand/galaxydebt/tuyen-dung/data-analyst-teamleader-collection-analytics-j2068063.html,,,,,,,,,,[],[],[],,,True,review,empty_title
https://www.topcv.vn/brand/fptis/tuyen-dung/ai-engineer-j2026003.html,,FPT IS,,,,,,,,[],[],"['3 năm kinh nghiệm', 'Đại Học trở lên', 'Nghỉ thứ 7', 'Chuyên môn AI Engineer', 'IT - Phần mềm']",,,True,review,empty_title
https://www.topcv.vn/brand/fptis/tuyen-dung/lap-trinh-vien-backend-net-j2026747.html,,FPT IS,,,,,,,,[],[],"['2 năm kinh nghiệm', 'Cao Đẳng trở lên', 'Nghỉ thứ 7', 'Chuyên môn Backend Developer', 'IT - Phần mềm']",,,True,review,empty_title
https://www.topcv.vn/brand/educa/tuyen-dung/project-manager-du-an-ai-hub-j2067747.html,,,,,,,,,,[],[],[],,,True,review,empty_title
https://www.topcv.vn/brand/fptis/tuyen-dung/data-analyst-j2066152.html,,FPT IS,,,,,,,,[],[],"['3 năm kinh nghiệm', 'Đại Học trở lên', 'Nghỉ thứ 7', 'Chuyên môn Data Analyst']",,,True,review,empty_title
https://www.topcv.vn/brand/educa/tuyen-dung/chuyen-vien-phan-tich-nghiep-vu-business-analyst-j2029083.html,,,,,,,,,,[],[],[],,,True,review,empty_title
https://www.topcv.vn/brand/fptsoftwareacademy/tuyen-dung/on-job-training-angular-j1804788.html,,FPT Software,,,,,,,,[],[],"['Dưới 1 năm kinh nghiệm', 'Đại Học trở lên', 'Nghỉ thứ 7', 'Chuyên môn Software Engineer', 'IT - Phần mềm']",,,True,review,empty_title
https://www.topcv.vn/brand/beeogisticscorporation/tuyen-dung/nhan-vien-it-helpdesk-ha-noi-j2063379.html,,Bee Logistics Corporation Pro Company,,,,,,,,[],[],"['2 năm kinh nghiệm', 'Cao Đẳng trở lên', 'Tuổi 24 - 40', 'Nam', 'Bảo hiểm sức khỏe', 'Khám sức khỏe định kỳ', 'Du lịch hàng năm', 'IT Helpdesk/IT support', 'IT - Phần cứng và máy tính', 'IT - Phần mềm']",,,True,review,empty_title
https://www.topcv.vn/brand/fptis/tuyen-dung/junior-sales-executive-j1864961.html,,FPT IS,,,,,,,,[],[],"['Dưới 1 năm kinh nghiệm', 'Đại Học trở lên', 'Nghỉ thứ 7', 'Chuyên môn Kinh doanh phần mềm', 'B2B', 'Direct Sales']",,,True,review,empty_title
https://www.topcv.vn/brand/fptis/tuyen-dung/nhan-vien-tu-van-giai-phap-chinh-quyen-dia-phuong-j2058073.html,,FPT IS,,,,,,,,[],[],"['3 năm kinh nghiệm', 'Cao Đẳng trở lên', 'Nam', 'Nghỉ thứ 7', 'Chuyên môn IT Consultant']",,,True,review,empty_title
https://www.topcv.vn/brand/fptsoftwareacademy/tuyen-dung/thuc-tap-sinh-python-j2019272.html,,FPT Software,,,,,,,,[],[],"['Không cần kinh nghiệm', 'Đại Học trở lên', 'Tiếng Anh Giao tiếp thành thạo', 'Nghỉ thứ 7', 'Chuyên môn Software Engineer']",,,True,review,empty_title
https://www.topcv.vn/brand/thoitrangtonghop/tuyen-dung/graphic-design-intern-06-months-crocs-j2059153.html,,Công ty Trách Nhiệm Hữu Hạn Một Thành Viên Thương Mại Thời Trang Tổng Hợp,,,,,,,,[],[],"['Dưới 1 năm kinh nghiệm', 'Đại Học trở lên', 'Nghỉ thứ 7', 'Chuyên môn Thiết kế đồ họa (Graphic Design)', 'May mặc / Thời trang', 'Thương mại điện tử', 'Bán lẻ - Hàng tiêu dùng - FMCG']",,,True,review,empty_title
https://www.topcv.vn/brand/vpbank/tuyen-dung/senior-backend-developer-java-ta172-j1875166.html,,,,,,,,,,[],[],[],,,True,review,empty_title
https://www.topcv.vn/brand/fptsoftwareacademy/tuyen-dung/talent-developer-fullstack-j1393509.html,,,,,,,,,,[],[],[],,,True,review,empty_title
https://www.topcv.vn/brand/fptsoftwareacademy/tuyen-dung/intern-front-end-reactjs-angular-j1990684.html,,,,,,,,,,[],[],[],,,True,review,empty_title
https://www.topcv.vn/brand/fptsoftwareacademy/tuyen-dung/global-sales-development-intern-j2017451.html,,FPT Software,,,,,,,,[],[],"['Không cần kinh nghiệm', 'Đại Học trở lên', 'Tiếng Anh Giao tiếp thành thạo', 'Nghỉ thứ 7', 'Chuyên môn Sales Admin/Sales Support/Sales Associate', 'B2B']",,,True,review,empty_title
https://www.topcv.vn/brand/fptsoftwareacademy/tuyen-dung/thuc-tap-sinh-nodejs-j2024288.html,,FPT Software,,,,,,,,[],[],"['Không cần kinh nghiệm', 'Đại Học trở lên', 'Nghỉ thứ 7', 'Chuyên môn Software Engineer']",,,True,review,empty_title
https://www.topcv.vn/brand/topcv/tuyen-dung/business-development-intern-j1979669.html,,,,,,,,,,[],[],[],,,True,review,empty_title
https://www.topcv.vn/brand/fpt-telecom/tuyen-dung/can-bo-van-hanh-ha-tang-mang-ftth-j2056479.html,,Công ty Cổ phần viễn thông FPT,,,,,,,,[],[],"['1 năm kinh nghiệm', 'Cao Đẳng trở lên', 'Nghỉ thứ 7', 'Chuyên môn IT Consultant']",,,True,review,empty_title
https://www.topcv.vn/brand/fptis/tuyen-dung/fullstack-developer-nodejs-reactjs-j2053292.html,,FPT IS,,,,,,,,[],[],"['3 năm kinh nghiệm', 'Đại Học trở lên', 'Nghỉ thứ 7', 'Chuyên môn Fullstack Developer']",,,True,review,empty_title
https://www.topcv.vn/brand/sapovn/tuyen-dung/nhan-vien-kinh-doanh-phan-mem-quan-ly-ban-hang-ai-pos-go-an-giang-can-tho-lam-dong-khanh-hoa-dao-tao-tu-dau-chap-nhan-sinh-vien-cho-bang-thu-nhap-tu-15-25-trieu-j2054515.html,,,,,,,,,,[],[],[],,,True,review,empty_title
https://www.topcv.vn/brand/techcombank/tuyen-dung/hr-transformation-project-manager-j2010293.html,,NGÂN HÀNG THƯƠNG MẠI CỔ PHẦN KỸ THƯƠNG VIỆT NAM,,,,,,,,[],[],"['Trên 5 năm kinh nghiệm', 'Đại Học trở lên', 'Chuyên môn IT Project Manager', 'IT - Phần mềm', 'IT - Phần cứng và máy tính', 'Ngân hàng']",,,True,review,empty_title
https://www.topcv.vn/brand/techcombank/tuyen-dung/ai-platform-architect-j2011612.html,,NGÂN HÀNG THƯƠNG MẠI CỔ PHẦN KỸ THƯƠNG VIỆT NAM,,,,,,,,[],[],"['Trên 5 năm kinh nghiệm', 'Đại Học trở lên', 'Chuyên môn AI Engineer', 'IT - Phần mềm', 'Ngân hàng', 'Tài chính']",,,True,review,empty_title
https://www.topcv.vn/brand/cashion/tuyen-dung/senior-odoo-developer-j2051685.html,,CÔNG TY CỔ PHẦN CASHION,,,,,,,,[],[],"['2 năm kinh nghiệm', 'Đại Học trở lên', 'Nghỉ thứ 7', 'Bảo hiểm xã hội', 'Bảo hiểm sức khỏe', 'Chuyên môn Công nghệ thông tin khác']",,,True,review,empty_title
https://www.topcv.vn/brand/fptis/tuyen-dung/cloud-engineer-aws-j2048179.html,,FPT IS,,,,,,,,[],[],"['2 năm kinh nghiệm', 'Đại Học trở lên', 'Nghỉ thứ 7', 'Chuyên môn Cloud Engineer']",,,True,review,empty_title
https://www.topcv.vn/brand/fptis/tuyen-dung/business-development-b2b-it-sales-j2052264.html,,FPT IS,,,,,,,,[],[],"['1 năm kinh nghiệm', 'Đại Học trở lên', 'Nghỉ thứ 7', 'Chuyên môn Sales IT Phần mềm khác', 'IT - Phần mềm', 'Bán lẻ - Hàng tiêu dùng - FMCG', 'B2B', 'Direct Sales']",,,True,review,empty_title
https://www.topcv.vn/brand/fptis/tuyen-dung/business-development-global-sales-j2052181.html,,FPT IS,,,,,,,,[],[],"['1 năm kinh nghiệm', 'Đại Học trở lên', 'Nghỉ thứ 7', 'Chuyên môn Sales IT Phần mềm khác', 'IT - Phần mềm', 'Bán lẻ - Hàng tiêu dùng - FMCG', 'B2B', 'Direct Sales']",,,True,review,empty_title
https://www.topcv.vn/brand/fptis/tuyen-dung/net-developer-junior-j1163379.html,,FPT IS,,,,,,,,[],[],"['2 năm kinh nghiệm', 'Đại Học trở lên', 'Nghỉ thứ 7', 'Chuyên môn Backend Developer']",,,True,review,empty_title
https://www.topcv.vn/brand/fptis/tuyen-dung/project-quality-assurance-pqa-j2052091.html,,FPT IS,,,,,,,,[],[],"['2 năm kinh nghiệm', 'Đại Học trở lên', 'Nghỉ thứ 7', 'Chuyên môn Process Quality Assurance (PQA)', 'IT - Phần mềm']",,,True,review,empty_title
https://www.topcv.vn/brand/fptis/tuyen-dung/business-analyst-tieng-nhat-j1838881.html,,,,,,,,,,[],[],[],,,True,review,empty_title
https://www.topcv.vn/brand/fptsoftwareacademy/tuyen-dung/fresher-devops-j594984.html,,FPT Software,,,,,,,,[],[],"['Không cần kinh nghiệm', 'Đại Học trở lên', 'Tiếng Anh TOEIC 700', 'Tiếng Anh IELTS 6.0', 'Nghỉ thứ 7', 'Chuyên môn DevOps Engineer']",,,True,review,empty_title
https://www.topcv.vn/brand/vnresource1209/tuyen-dung/sale-manager-b2b-j1799091.html,,CÔNG TY CỔ PHẦN TÀI NGUYÊN TRI THỨC VIỆT NĂNG,,,,,,,,[],[],"['5 năm kinh nghiệm', 'Đại Học trở lên', 'Bảo hiểm xã hội', 'Khám sức khỏe định kỳ', 'Team building', 'Chuyên môn Kinh doanh phần mềm', 'IT - Phần mềm', 'B2B', 'Direct Sales']",,,True,review,empty_title
https://www.topcv.vn/brand/techcombank/tuyen-dung/frontend-web-developer-j2050146.html,,NGÂN HÀNG THƯƠNG MẠI CỔ PHẦN KỸ THƯƠNG VIỆT NAM,,,,,,,,[],[],"['5 năm kinh nghiệm', 'Đại Học trở lên', 'Nghỉ thứ 7', 'Chuyên môn Frontend Developer', 'IT - Phần mềm']",,,True,review,empty_title
https://www.topcv.vn/brand/fptis/tuyen-dung/thuc-tap-sinh-it-support-it-helpdesk-j2049911.html,,FPT IS,,,,,,,,[],[],"['Không cần kinh nghiệm', 'Cao Đẳng trở lên', 'Nam', 'Nghỉ thứ 7', 'Chuyên môn IT Helpdesk/IT support']",,,True,review,empty_title
https://www.topcv.vn/brand/fptis/tuyen-dung/system-administrators-l3-thanh-hoa-j1930938.html,,FPT IS,,,,,,,,[],[],"['5 năm kinh nghiệm', 'Đại Học trở lên', 'Nghỉ thứ 7', 'Chuyên môn System Administrator']",,,True,review,empty_title
https://www.topcv.vn/brand/fptis/tuyen-dung/nhan-vien-kiem-thu-tester-j2048248.html,,FPT IS,,,,,,,,[],[],"['1 năm kinh nghiệm', 'Đại Học trở lên', 'Nghỉ thứ 7', 'Chuyên môn Manual Tester']",,,True,review,empty_title
https://www.topcv.vn/brand/fptis/tuyen-dung/senior-business-analyst-j2042527.html,,FPT IS,,,,,,,,[],[],"['4 năm kinh nghiệm', 'Đại Học trở lên', 'Nghỉ thứ 7', 'Chuyên môn Business Analyst (Phân tích nghiệp vụ)', 'IT - Phần mềm']",,,True,review,empty_title
https://www.topcv.vn/brand/fpt-telecom/tuyen-dung/cong-tac-vien-it-helpdesk-j2047514.html,,Công ty Cổ phần viễn thông FPT,,,,,,,,[],[],"['Dưới 1 năm kinh nghiệm', 'Trung cấp trở lên', 'Chuyên môn IT Helpdesk/IT support', 'IT - Phần cứng và máy tính', 'IT - Phần mềm', 'Viễn thông']",,,True,review,empty_title
