standardized_title,count,percentage,sample_description
Backend Developer,344,10.81,
Business Analyst,269,8.46,
QA Engineer,231,7.26,
Fullstack Developer,189,5.94,
IT Support,168,5.28,
Project Manager,163,5.12,
Mobile Developer,151,4.75,
AI Engineer,150,4.72,
System Administrator,117,3.68,
DevOps Engineer,101,3.18,
Embedded Engineer,87,2.73,
Frontend Developer,85,2.67,
Security Engineer,76,2.39,
Data Analyst,76,2.39,
UI/UX Designer,75,2.36,
Product Owner,73,2.29,
Automation Test Engineer,69,2.17,
Data Engineer,65,2.04,
ERP Consultant,63,1.98,
Game Developer,62,1.95,
Technical Lead,57,1.79,
Network Engineer,54,1.7,
Product Manager,46,1.45,
Software Architect,44,1.38,
Game Designer,37,1.16,
Bridge Engineer,33,1.04,
Data Scientist,28,0.88,
Presales Engineer,22,0.69,
Database Administrator,20,0.63,
Cloud Engineer,19,0.6,
Implementation Specialist,12,0.38,
Machine Learning Engineer,9,0.28,
Scrum Master,9,0.28,
IT Lecturer,9,0.28,
Automation Engineer,6,0.19,
Engineering Manager,5,0.16,
Data Architect,4,0.13,
Software Consultant,4,0.13,
Chief Technology Officer,4,0.13,
Infrastructure Engineer,4,0.13,
Solution Engineer,4,0.13,
Salesforce Developer,4,0.13,
ERP Developer,3,0.09,
Network Security Engineer,3,0.09,
Desktop Application Developer,3,0.09,
IT Auditor,3,0.09,
IT Instructor,3,0.09,
Blockchain Developer,3,0.09,
IT Solutions Consultant,3,0.09,
Security Architect,2,0.06,
IT Account Manager,2,0.06,
Power Platform Developer,2,0.06,
Data Quality Specialist,2,0.06,
Automation Developer,2,0.06,
Project Assistant,2,0.06,
Technical Project Coordinator,2,0.06,
Data Governance Analyst,2,0.06,
Digital Transformation Manager,2,0.06,
Website Administrator,2,0.06,
Solution Consultant,2,0.06,
Enterprise Architect,2,0.06,
System Engineer,2,0.06,
Power Apps Developer,1,0.03,"Develop Canvas Apps and Model-driven Apps on the Microsoft Power Platform. Build and optimize Power Automate flows for business processes and API integrations. Design and manage data using Dataverse or SharePoint Online. Integrate systems with Microsoft 365 and Azure AD. Design complex workflows, multi-level approval processes, and error handling for automated processes."
Software Engineer,1,0.03,"Làm việc cùng với đội phát triển thuộc phòng R&D của tập đoàn Tham gia phát triển dự án của tập đoàn GMO Internet Trao đổi với khách hàng về Spec, confirm trong quá trình phát triển dự án; Phối hợp với các thành viên trong team để thiết kế, triển khai, tối ưu; những chức năng của sản phẩm. Có cơ hội sang Nhật training tại tập đoàn GMO Internet Group (Tokyo hoặc Osaka)."
Product Operations Executive,1,0.03,"1. Test sản phẩm & triển khai • Phối hợp thực hiện test nội bộ (beta) để kiểm tra luồng sử dụng sản phẩm • Kiểm tra dữ liệu hệ thống, backend • Hỗ trợ onboarding và chuyển đổi giai đoạn đầu 2. Vận hành & kiểm soát • Xử lý các hoạt động vận hành hàng ngày • Thực hiện xác minh thông tin khách hàng/đối tác theo quy trình • Theo dõi và đảm bảo các luồng hoạt động diễn ra ổn định • Hỗ trợ xử lý các vấn đề phát sinh và tranh chấp trong quá trình sử dụng 3. Hỗ trợ người dùng & tối ưu trải nghiệm • Là đầu mối hỗ trợ khách hàng (chat, email, vấn đề kỹ thuật cơ bản) • Ghi nhận hành vi khách hàng, tiếp nhận feedback và lỗi hệ thống 4. Cải tiến sản phẩm • Tổng hợp feedback, đề xuất cải tiến • Đại diện ý kiến khách hàng, phối hợp với Product & Tech để tối ưu trải nghiệm (UX/UI)"
Hardware Test Engineer,1,0.03,"•Có hiểu biết về Test sản phẩm wifi và phân tích lỗi sản phẩm,biết phân tích mạch , hỗ trợ RE xử lý sản phẩm lỗi •Phân công công việc theo năng lực và điều kiện làm việc của kỹ sư. •Đánh giá hiệu suất làm việc của kỹ sư •Thiết lập các mối quan hệ với các bộ phận khác trong nhà máy. •Điều tiết mối quan hệ bên trong và ngoài công ty, cấp trên và cấp dưới, xử lý các tình huống khẩn cấp. •Lắng nghe và tiếp thu những đề xuất hợp lý từ các bộ phận liên quan và thúc đẩy các bộ phận liên quan thực hiện. •Giải quyết các vấn đề kỹ thuật NPI •Xử lý các bất thường trong dây chuyền sản xuất và khắc phục các vấn đề trong sản xuất để đảm bảo dây chuyền sản xuất được thông suốt •Chủ trì và thực hiện các dự án kỹ thuật tại nhà máy. •Hoàn thành các nhiệm vụ khác do cấp trên giao"
Digitalization Manager,1,0.03,"- Xây dựng kế hoạch tổng thể phát triển phòng tham mưu cho Ban lãnh đạo phù hợp với mục tiêu phát triển của Công ty; - Trực tiếp làm việc với khách hàng để tư vấn, lập dự toán và thuyết minh, bảo vệ các giải pháp khả thi phù hợp với mục tiêu của Khách hàng đưa ra; - Đề xuất những sáng kiến, giải pháp công nghệ trong lĩnh vực chuyển đổi số/ số hóa nhằm nâng cao hiệu quả tại các dự án; - Lập kế hoạch, phân công công việc các thành viên trong phòng nhằm quản lý, giám sát các dự án số hóa trên phạm vi cả nước đạt hiệu quả tiến độ và chất lượng; - Đầu mối tìm kiếm và phát triển các đội số hóa chất lượng tham mưu cho Ban lãnh đạo lựa chọn. - Báo cáo công việc hàng tuần, tháng và định kỳ theo quy định của từng Dự án (Báo cáo gồm các nội dung: Tiến độ dự án, Chi phí dự án, chất lượng dự án...); - Các công việc khác được phân công."
Python Instructor,1,0.03,"Giảng dạy (80 - 90%) Tham gia đào tạo cho học viên ngôn ngữ, nền tảng lập trình Python theo nội dung đào tạo của Rikkei Academy Xây dựng, phát triển văn hóa đào tạo Tham gia quản lý nhóm học viên, đảm bảo chất lượng đào tạo đạt chuẩn đầu ra Nghiên cứu và xây dựng các gói đào tạo, nội dung giảng dạy (10%) Nghiên cứu và xây dựng các chương trình đào tạo với từng đối tượng Xây dựng hệ thống bài giảng, thực hành, hệ thống test dành cho học viên Lên kế hoạch và xây dựng hệ thống e-learning Thực hiện các công việc khác theo yêu cầu của cán bộ quản lý"
AI Manager,1,0.03,"I. MỤC ĐÍCH: Giám đốc Trung tâm Trí tuệ Nhân sự là xây dựng và quản lý một trung tâm chuyên trách về quy hoạch và quản trị dữ liệu toàn công ty (bao gồm dữ liệu người dùng và dữ liệu nội bộ) cũng như phát triển và ứng dụng trí tuệ nhân tạo (AI) để tối ưu hóa hoạt động kinh doanh, nâng cao hiệu quả ra quyết định và tạo lợi thế cạnh tranh cho Meey Group. Vị trí này chịu trách nhiệm thiết lập chiến lược dữ liệu và AI, quản lý hoạt động của trung tâm và đảm bảo trung tâm đóng góp vào việc đạt được các mục tiêu kinh doanh thông qua việc khai thác sức mạnh của dữ liệu và AI trên toàn bộ các lĩnh vực của công ty. II. NHIỆM VỤ CỤ THỂ 1. Xây dựng chiến lược và kế hoạch: Xây dựng chiến lược tổng thể về dữ liệu và AI cho toàn công ty, bao gồm mục tiêu, ưu tiên, lộ trình phát triển và các lĩnh vực ứng dụng tiềm năng. Lập kế hoạch hoạt động chi tiết cho trung tâm, bao gồm các dự án, nguồn lực cần thiết và các chỉ số đo lường hiệu quả (KPIs) cho cả mảng dữ liệu và AI. 2. Quy hoạch và quản trị dữ liệu toàn công ty: Thiết lập và quản lý hệ thống thu thập, lưu trữ, làm sạch và tích hợp dữ liệu từ tất cả các nguồn trong công ty (dữ liệu người dùng từ các nền tảng, dữ liệu nội bộ từ các hệ thống nghiệp vụ). Xây dựng các quy trình và tiêu chuẩn về quản trị dữ liệu, đảm bảo tính chính xác, bảo mật, khả năng truy cập và tuân thủ các quy định pháp luật liên quan Phát triển và duy trì kho dữ liệu tập trung (Enterprise Data Warehouse hoặc Data Lake) hoặc các nền tảng dữ liệu phù hợp để phục vụ cho mục đích phân tích và ứng dụng AI. Đảm bảo khả năng truy cập và sử dụng dữ liệu hiệu quả cho các bộ phận và các dự án AI Báo cáo & trực quan hóa dữ liệu: Xây dựng dashboard theo thời gian thực để hỗ trợ ra quyết định. Cung cấp báo cáo định kỳ cho Ban lãnh đạo & các bộ phận liên quan. Xây dựng công cụ phân tích dành cho khách hàng (ví dụ: dự báo giá BĐS, tính toán lợi nhuận đầu tư). 3. Phát triển và ứng dụng AI trên toàn công ty: Xác định các cơ hội ứng dụng AI trong các lĩnh vực khác nhau của kinh doanh (marketing, bán hàng, sản phẩm, vận hành, tài chính, nhân sự, v.v.). Nghiên cứu, phát triển và tích hợp AI vào các sản phẩm/dịch vụ phù hợp với nhu cầu và bài toán của từng bộ phận. Quản lý vòng đời của các ứng dụng AI, từ giai đoạn ý tưởng, phát triển, triển khai đến giám sát và bảo trì. Đánh giá hiệu quả và tối ưu hóa các ứng dụng AI đã triển khai, đảm bảo mang lại giá trị kinh doanh cụ thể. 4. Quản lý đội ngũ: Tuyển dụng, đào tạo, quản lý và phát triển đội ngũ chuyên gia về kỹ sư dữ liệu, nhà phân tích dữ liệu, nhà khoa học dữ liệu, kỹ sư AI, chuyên gia học máy và các vị trí liên quan khác. Phân công công việc, thiết lập mục tiêu và đánh giá hiệu suất của các thành viên trong nhóm. Xây dựng môi trường làm việc hợp tác, sáng tạo và khuyến khích học hỏi."
IT Recruiter,1,0.03,"Recruitment Lập kế hoạch và triển khai full-cycle tuyển dụng: Sourcing, Interview, Offer, Onboard. Trực tiếp tuyển các vị trí key positions và các vị trí khác đảm bảo nhu cầu vận hành. Đảm bảo timeline tuyển dụng đúng hạn với ứng viên chất lượng cao. Xây dựng và phát triển Talent Pool: chủ động mở rộng nguồn ứng viên thụ động và duy trì kết nối với các ứng viên tiềm năng. Nắm bắt nhu cầu tuyển dụng, tư vấn về nhu cầu nhân sự, chân dung ứng viên và chiến lược tuyển dụng phù hợp. Tham gia xây dựng tiêu chí đánh giá ứng viên cho từng phòng ban, đảm bảo độ phù hợp về năng lực và văn hóa. Theo dõi các chỉ số tuyển dụng, báo cáo định kỳ và đưa ra insight cải tiến quy trình tuyển dụng. Employer Branding Phối hợp triển khai nội dung và xây dựng tuyển dụng trên các kênh LinkedIn, Facebook, TikTok,... và cộng đồng Tech/Game. Tham gia tổ chức các hoạt động tuyển dụng: job fair, chương trình ứng viên tiềm năng,... Mở rộng sự hiện diện của Braly trong các cộng đồng công nghệ và sự kiện ngành App/Game."
Game Operations Specialist,1,0.03,"Test và đánh giá các sản phẩm trên thị trường; Kiểm tra nội dung game mới (hoặc các bản update) và hiệu chỉnh lỗi; Phân tích các chỉ số, lên kế hoạch tổ chức hoạt động in-game; Xử lý các sự cố và vấn đề mà người chơi gặp phải; Lên ý tưởng để xây dựng các trang web sự kiện. Chuẩn bị cho quá trình phát hành game với các team và đối tác"
Revit Tools Developer,1,0.03,"Phát triển Tools Revit Structure Lập trình Plugin cho Revit bằng ngôn ngữ C#, Revit API Phân phối và hướng dẫn Tools cho nhóm về Revit Tham gia lập kế hoạch phát triển tự động hóa Revit Hỗ trợ xử lý bản vẽ Revit khi có yêu cầu từ quản lý trực tiếp Báo cáo hiệu quả cải tiến"
Game Analyst,1,0.03,"Phân tích thị trường, sản phẩm game trên thế giới, đối thủ cạnh tranh, nghiên cứu về tâm lý, nhu cầu, chân dung và hành vi của người dùng một cách có hệ thống để thu thập và phân tích dữ liệu, cung cấp cho quá trình thiết kế game. Đo lường và phân tích các chỉ số của sản phẩm. Phối hợp chặt chẽ với đội sản xuất để lên ý tưởng và kịch bản cho các sản phẩm game. Nhập list danh sách game vào kho số liệu, theo dõi đánh giá sản phẩm qua từng giai đoạn Báo cáo hàng tuần tình hình thị trường, sản phẩm cho trưởng bộ phận. Tiếp nhận công việc của leader, báo cáo tình hình công việc được leader giao hàng tuần"
IT Sales Engineer,1,0.03,"Bóc tách lên được bom thư tư vấn cho khách hàng. Lập được báo giá, dự toán phù hợp theo quy định pháp luật; Kiểm soát chất lượng, tiến độ của Dự án. Chi tiết công việc trao đổi thêm khi phỏng vấn Ưu tiên ứng viên đã có kinh nghiệm và biết làm thầu"
IT Teacher,1,0.03,"- Xây dựng phân phối chương trình môn Information Technology của các lớp đầu năm học (bao gồm long term, medium term/syllabus và short term plan của môn học) với đối tượng học sinh bậc THPT (Lớp 10-12); - Trực tiếp giảng dạy (dạy bằng tiếng Anh) theo phân phối chương trình và thời khóa biểu được phân công; - Xây dựng và lưu trữ theo quy định giáo án môn Information Technology (bao gồm giáo án, slide học tập, work sheet...), bảo đảm bộ giáo án đảm đúng phân phối chương trình, đúng năng lực học sinh, có điều chỉnh phù hợp yêu cầu học tập thực tế từng lớp học; - Soạn Unit Test môn Information Technology; - Soạn đề kiểm tra môn Information Technology trong năm học bao gồm 04 đề (bao gồm đề dự phòng): giữa kỳ và cuối kỳ học kỳ 1 và học kỳ 2; - Bồi dưỡng, hỗ trợ và luyện tập phù hợp cho học sinh trong quá trình học tập và trước các kì thi; - Tutor cho học sinh 1-2 buổi/tuần (mỗi buổi khoảng 30’ – 1h00); - Theo dõi học sinh học và điều chỉnh chương trình học/giáo án phù hợp với năng lực học sinh từng lớp; - Họp chuyên môn, bồi dưỡng giáo viên theo định hướng chương trình; - Tham gia xây dựng hoàn thiện chương trình quốc tế đặc thù ;"
SDK Developer,1,0.03,"SDK architecture & API design: design and own the JavaScript SDK that exposes Super App platform capabilities to mini app developers; define clean, versioned, backward-compatible API contracts; think deeply about naming, ergonomics, and long-term extensibility. Native bridge layer: implement the JS - Native bridge (WebView postMessage / JSBridge protocol) that connects JavaScript SDK calls to native iOS and Android capabilities; coordinate closely with mobile engineers on message schemas, error handling, and performance. Core platform APIs: build and maintain SDK modules covering authentication & identity (SSO, token exchange), payments (partner gateway integration, wallet, QR), navigation & routing (inter-app deep links), device APIs (camera, location, biometrics, clipboard, storage), notifications, and analytics/event tracking. Mini app lifecycle management: implement SDK hooks for mini app lifecycle events (launch, foreground, background, teardown); manage session state, sandboxing constraints, and secure context isolation between mini apps. Security & compliance: enforce origin validation, capability-based permission model, content security policy, token handling, and data minimization across all SDK APIs; work with the security team to prevent unauthorized capability escalation. Developer experience: write clear, accurate API references, integration guides, and code samples targeting external mini app developers; design error messages that are actionable; maintain a versioned changelog. SDK distribution & versioning: manage SDK packaging (npm / CDN bundle), semantic versioning, deprecation cycles, and backward compatibility guarantees; implement feature flags within the SDK to support staged rollouts of new capabilities. Testing & quality: build and maintain unit tests, integration tests, and a test harness that allows SDK behavior to be validated against simulated native responses; own the SDK CI pipeline. Cross-functional collaboration: work closely with iOS/Android engineers, backend API teams, BA, security, and external partner developers to align on contracts, unblock integrations, and ship platform capabilities end-to-end."
Data Labeling Coordinator,1,0.03,"Mức lương: Lương cứng lên tới 15-18 triệu/ tháng Giờ làm: 40 giờ/tuần từ thứ 2 đến thứ 6 Địa điểm làm việc (dự kiến): PREP Đà Nẵng - số 35 Thái Phiên, Hải Châu, Đà Nẵng Nghiên cứu chuyên sâu về các khía cạnh trong ngôn ngữ Anh để phục vụ cho việc xây dựng sản phẩm E-learning tích hợp AI theo định hướng của công ty Tham gia thiết kế học liệu và tổ chức workshop, ghi hình chia sẻ về kinh nghiệm học và ôn thi các chứng chỉ như IELTS, TOEIC..v..v khi được yêu cầu. Nghiên cứu sâu về hệ thống và sản phẩm để đề xuất các cải thiện hoặc các sáng kiến mới Đánh giá dữ liệu cho team AI, xây dựng quy trình, tiêu chuẩn đánh giá dữ liệu để áp dụng diện rộng Nghiên cứu về cấu trúc, hệ thống điểm, cách chấm điểm các kì thi tiếng Anh hiện có trên thị trường Tiến hành gán nhãn (label) cho dữ liệu liên quan đến kiến thức, bài học và đề thi tiếng Anh (IELTS, TOEIC, ...). Đảm bảo tính chính xác, đầy đủ và nhất quán trong quá trình gán nhãn theo hướng dẫn. Là cầu nối của team Học thuật và team AI để cập nhật guideline, sửa lỗi nhãn và tham gia thử nghiệm và cải tiến quy trình dán nhãn, kiểm soát chất lượng dữ liệu. Lên kế hoạch và triển khai dự án labeling: phân bổ đầu việc, timeline, số lượng và deadline cụ thể. Quản lý tiến độ các dự án labeling: theo dõi tiến độ, tổng hợp báo cáo, kiểm tra chất lượng. Điều phối và hỗ trợ đội nhóm outsource trong việc gán nhãn dữ liệu. Tham gia các hoạt động nội bộ, hỗ trợ nhóm học thuật khi cần thiết. Tham gia thử nghiệm và cải tiến quy trình kiểm soát chất lượng dữ liệu. Thực hiện các công việc khác theo sự phân công của cấp trên."
Technical Consultant,1,0.03,"Hỗ trợ đội ngũ kinh doanh trong việc tư vấn và giới thiệu các sản phẩm, giải pháp của Panduit tới khách hàng và đối tác. Cung cấp các thông tin kỹ thuật cơ bản liên quan đến hạ tầng mạng, hệ thống cáp cấu trúc và các sản phẩm Panduit. Hỗ trợ giải đáp các câu hỏi kỹ thuật của khách hàng trong quá trình trước và sau bán hàng. Chuẩn bị tài liệu kỹ thuật, báo giá, đề xuất giải pháp và bài trình bày cho khách hàng khi cần. Tham gia các buổi gặp gỡ khách hàng, giới thiệu sản phẩm hoặc đào tạo cơ bản về sản phẩm. Phối hợp với các bộ phận nội bộ (Kinh doanh, Sản phẩm, Kỹ thuật) để hỗ trợ triển khai các cơ hội dự án. Chủ động học hỏi và cập nhật kiến thức về sản phẩm, công nghệ và xu hướng thị trường."
Game Producer,1,0.03,"We are looking for an English-speaking Game Producer to coordinate communication between our internal development team and international publishing partners. This role will help manage project progress, organize communication, and ensure smooth collaboration with our global partners. The ideal candidate has experience working in a game studio or publisher and understands the game development process. Responsibilities Coordinate communication between internal teams (developers, artists, designers) and international partners/publishers Participate in and organize meetings and calls in English Track project progress, milestones, and deliverables Help manage production timelines and task priorities Document meeting notes and ensure clear communication across teams Help remove blockers and support the development team when needed"
Software Renewal Specialist,1,0.03,"Quản lý danh sách khách hàng đang sử dụng dịch vụ, theo dõi thời hạn hợp đồng và tình trạng sử dụng. Chủ động liên hệ khách hàng trước thời điểm hết hạn để nhắc gia hạn, tái ký hợp đồng. Thực hiện đàm phán, chốt gia hạn, tái mua, bảo trì hoặc nâng cấp dịch vụ. Chăm sóc và duy trì mối quan hệ với khách hàng hiện hữu. Phối hợp xử lý phản hồi, sự cố và kết nối khách hàng với bộ phận liên quan khi cần. Theo dõi mức độ sử dụng và nhận diện sớm khách hàng có nguy cơ rời bỏ. Thực hiện upsell/cross-sell theo chính sách công ty. Cập nhật đầy đủ thông tin khách hàng, lịch sử tương tác trên hệ thống CRM."
System Integration Engineer,1,0.03,"Nghiên cứu, tìm hiểu các giải pháp, tích hợp, sản phẩm công nghệ mới, công nghệ thông tin, điện tử, viễn thông, IoT, phần cứng, phần mềm. Đề xuất và xây dựng các giải pháp cho khách hàng, bao gồm các tài liệu kỹ thuật đề xuất, bản vẽ... Nhận kế hoạch và triển khai công việc theo sự quản lý của Trưởng Phòng. Lập kế hoạch và tham gia vào quá trình triển khai dự án, bao gồm phối hợp với đối tác, thu thập và xử lý các yêu cầu phía khách hàng. Nghiệm thu, bàn giao hàng hóa và đào tạo hướng dẫn sử dụng thiết bị. Tham gia nghiên cứu, sản xuất các sản phẩm, dịch vụ trong mảng điện tử, viễn thông, mạng, phần mềm."
Shopify Developer,1,0.03,"Develop, test, and maintain custom Shopify apps using Node.js, React, and Next.js. Design and develop AI chatbot systems, integrating LLMs such as OpenAI and Gemini with frameworks like LangChain. Build and optimize RAG pipelines, semantic/vector search, and LLM workflows for scalable, efficient, and high-quality AI responses. Integrate with Shopify APIs (Admin API, Storefront API, Webhooks) and third-party services. Collaborate with designers and product managers to deliver high-quality features and UX. Write clean, maintainable, and efficient code following best practices. Troubleshoot and debug issues to ensure optimal app performance. Keep up to date with Shopify ecosystem updates, API changes, and new development tools."
Game Level Designer,1,0.03,"Thiết kế màn chơi (level design) cho game di động: - Dựa trên các vật phẩm và cách chơi của game để phát triển các thiết kế màn chơi trong game theo yêu cầu của Studio - Sáng tạo và đề xuất các item và cách chơi mới cho game đặc biệt là các game giải đố. - Phối hợp với các thành viên trong nhóm phát triển để đảm bảo tính nhất quán về phong cách và chất lượng thiết kế màn chơi trong suốt quá trình phát triển game. Tối ưu hóa và điều chỉnh cân bằng cho game di động: - Dựa trên dữ liệu về cách chơi và người dùng tương tác với game, đề xuất các phương án điều chỉnh để cân bằng được mức độ khó dễ cho các màn chơi. - Đề xuất các phương án cải thiện màn chơi, đồ họa, cách chơi để đảm bảo tối ưu giữa khai thác quảng cáo và giữ chân người chơi. Tương tác và Hợp tác: - Làm việc chặt chẽ với đội ngũ lập trình viên, thiết kế đồ họa và quản trị dự án để đảm bảo sản phẩm cuối cùng đáp ứng yêu cầu về mặt nghệ thuật và kỹ thuật. - Tham gia vào các buổi họp brainstorming, phản hồi và chỉnh sửa sản phẩm dựa trên ý kiến đóng góp từ đội ngũ."
App Monetization Specialist,1,0.03,"Được đào tạo về nghiệp vụ và kiến thức về chuyên môn Training on job, đào tạo trực tiếp: ○ Tối ưu eCPM trên các Ad Mediation ○ Tối ưu kịch bản khai thác quảng cáo trên sản phẩm ○ Phối hợp cùng Marketing Team: Đánh giá hiệu quả khai thác người dùng trên các Ad network khác nhau, Phân tích tập người dùng phù hợp và lên kế hoạch đưa sản phẩm lên đứng Top Global ○ Phối hợp cùng BI team (Business Intelligence): Đưa ra các bài toán gặp phải khi tối ưu eCPM, kịch bản khai thác, tập user, doanh thu quảng cáo, Đóng góp ý tưởng và giải quyết những bài toán gặp phải ○ Làm việc với các đối tác Ad Network: Google, Admob, Facebook, Unity, ironSource, Applovin,... Thực hiện các công việc khác theo sự phân công của Quản lý trực tiếp"
Technical Advisor,1,0.03,"Phối hợp với bộ phận kinh doanh, marketing, tư vấn và thực hành kĩ thuật, hỗ trợ kỹ thuật cho khách hàng Tham gia nghiên cứu, phát triển sản phẩm mới. Cập nhật sản phẩm mới từ nhà cung cấp Phát triển ứng dụng mới từ các nguyên liệu, sản phẩm của công ty Cập nhật công nghệ mới, xu hướng thị trường để áp dụng cho các sản phẩm của Công ty Đào tạo nội bộ hoặc đào tạo khách hàng về các sản phẩm của Công ty Tham gia tổ chức workshop, seminar theo chiến lược sales và marketing của Công ty Tham gia các chương trình đào tạo từ nhà cung cấp, đối tác trong và ngoài nước Thực hiện các nhiệm vụ khác theo phân công của Ban Giám đốc/Quản lý trực tiếp."
Technical Manager,1,0.03,"Mục tiêu chính Lãnh đạo và quản lý hoạt động kỹ thuật hỗ trợ sản xuất linh kiện điện tử (bao gồm thiết kế chi tiết sản phẩm, thiết kế jig/fixture, thiết kế fixture test, hỗ trợ quy trình, cải tiến năng suất và chất lượng). Đảm bảo mọi công việc kỹ thuật đáp ứng yêu cầu kỹ thuật, tiến độ, chi phí, an toàn và tiêu chuẩn khách hàng. Là cầu nối kỹ thuật giữa R&D, sản xuất, QC, Process Engineering, mua hàng và khách hàng (đặc biệt với nhà cung cấp/khách hàng Trung Quốc). Nhiệm vụ chính Quản lý hoạt động ENG: thiết kế/điều chỉnh bản vẽ cơ khí, chuyển giao BOM kỹ thuật, tài liệu sản xuất, hướng dẫn lắp ráp và tài liệu kiểm tra. Phát triển, duy trì và cải tiến quy trình sản xuất cho các sản phẩm/chassis/chi tiết linh kiện; phối hợp với Process Engineering để standardize công đoạn. Thiết kế, quản lý và bảo trì jigs, fixtures, tooling, và fixture test; đảm bảo sẵn sàng, hiệu chuẩn và hiệu năng phù hợp. Hỗ trợ giải pháp test & đo lường: phát triển test plan, test procedure, quản lý thiết bị đo & test, giám sát hiệu chuẩn. Thực hiện và quản lý dự án kỹ thuật: đưa ra timeline, chi phí, đánh giá rủi ro, phối hợp đa phòng ban, nghiệm thu kết quả. Hỗ trợ xử lý kỹ thuật khi xảy ra NCR/NC/khuyết tật: phân tích lỗi, root cause analysis (RCA), đề xuất CAPA và theo dõi hiệu quả thực hiện. Cung cấp hỗ trợ kỹ thuật cho vận hành dây chuyền, đào tạo vận hành/đào tạo sản phẩm mới cho nhân sự sản xuất và QC. Quản lý tài liệu kỹ thuật (SOP, WI, bản vẽ, FMEA, Control Plan, Work Instruction) và đảm bảo phiên bản áp dụng trên sản xuất là bản chính xác. Tham gia tiếp nhận sản phẩm mới (New Product Introduction - NPI): từ thiết kế sang sản xuất, pilot run, giai đoạn ramp-up và chuyển giao cho sản xuất hàng loạt. Đảm bảo tuân thủ tiêu chuẩn khách hàng, ESD/MSL, quy định an toàn và các yêu cầu chứng nhận liên quan. Liên hệ và hợp tác với nhà cung cấp công nghệ/thiết bị/đơn vị gia công, đặc biệt hỗ trợ giao tiếp kỹ thuật bằng tiếng Trung khi cần."
Employer Branding Specialist,1,0.03,"Position Overview: SSI is looking for a creative and proactive Employer Branding Collaborator to support the development and execution of employer branding initiatives. This role is ideal for final-year students or fresh graduates who are passionate about branding, communications, and talent engagement. Key Responsibilities: Support the planning and execution of employer branding campaigns across digital and offline channels. Design creative visual content (social media posts, recruitment materials, etc.) aligned with SSI’s employer brand guidelines. Assist in managing and growing employer branding channels (LinkedIn, Facebook, career website, etc.). Coordinate with HR, Marketing, and vendors to organize recruitment events, career fairs, and internal engagement activities. Contribute ideas for content themes, branding concepts, and communication strategies to attract young talents. Support content writing for recruitment posts, employee stories, and internal communications."
Sales Engineer,1,0.03,"Sales Engineer là cầu nối giữa đội ngũ kinh doanh và kỹ thuật, đóng vai trò quan trọng trong việc tư vấn giải pháp kỹ thuật, hỗ trợ presales và thúc đẩy quá trình chốt hợp đồng. Sales Engineer làm việc trực tiếp với khách hàng và đội ngũ bán hàng để xác định nhu cầu, thiết kế giải pháp, trình bày demo, và đảm bảo khách hàng hiểu rõ giá trị công nghệ được cung cấp. Mô tả chung: Tư vấn kỹ thuật cho các sản phẩm, giải pháp an toàn thông tin như Phân tích nhu cầu và yêu cầu kỹ thuật của khách hàng, đề xuất giải pháp phù hợp về mặt công nghệ và ngân sách. Thực hiện demo, PoC, trình diễn giải pháp, hỗ trợ bộ phận kinh doanh thuyết phục khách hàng. Soạn thảo tài liệu kỹ thuật, bản chào hàng, hồ sơ dự thầu, hỗ trợ đấu thầu theo yêu cầu dự án. Tham gia các buổi hội thảo, đào tạo kỹ thuật, chương trình marketing, xây dựng tài liệu giải pháp. Cập nhật liên tục các kiến thức sản phẩm từ hãng, tham gia các khóa đào tạo và lấy chứng chỉ (nếu cần). Là đầu mối phối hợp giữa bộ phận kinh doanh – kỹ thuật triển khai – đối tác công nghệ trong suốt quá trình bán hàng."
Product Configuration Specialist,1,0.03,"Phối hợp cùng team R&D và Designer để hoàn thiện nguyên liệu thiết kế sản phẩm (Sản phẩm quà tặng cá nhân hóa online bên trên các website của công ty). Sử dụng tư duy logic, triển khai xây dựng sản phẩm hoàn chỉnh thông qua App Customily. (App Customily là một nền tảng thiết kế tùy chỉnh sản phẩm). Phối hợp cùng team leader kiểm soát chặt chẽ chất lượng đầu ra của sản phẩm. Tham gia các nhiệm vụ khác theo sự phân công của quản lý."
Functional Safety Engineer,1,0.03,"Plan, coordinate, and support the functional safety activities for innovative projects across the complete development cycle. Serve as the primary point of contact with customers regarding functional safety, including negotiating and signing Development Interface Agreements (DIAs). Define safety requirements at the product level in collaboration with customers. Develop safety concepts, including safety architecture and safety mechanisms. Derive hardware and software safety requirements from the safety concept. Perform safety analyses, including FMEDA, DFA, and FTA. Evaluate hardware safety metrics (PMHF, SPFM, LFM). Represent functional safety to project managers, customers, and department management. Manage functional safety development processes to ensure compliance with the ISO 26262 standard. Continuously improve development flow and methodology based on ISO 26262 recommendations. Promote a safety culture within the local team through training and awareness initiatives."
IT Procurement Specialist,1,0.03,"Quản lý nguồn cung ứng: Chủ động tìm kiếm, đánh giá và thiết lập mạng lưới nhà cung cấp thiết bị công nghệ uy tín (Phần cứng IT, hạ tầng mạng, linh kiện chuyên dụng, phần mềm quản lý...). Nghiệp vụ mua sắm chuyên nghiệp: Tiếp nhận yêu cầu từ các phòng ban; thực hiện quy trình lấy báo giá (3 bên), phân tích so sánh cấu hình kỹ thuật và trực tiếp thương thảo các điều khoản hợp đồng. Kiểm soát chất lượng & Tài liệu: Phối hợp chặt chẽ với bộ phận IT để nghiệm thu thiết bị; đảm bảo hàng hóa đầy đủ chứng nhận nguồn gốc, chất lượng (CO/CQ) và các tiêu chuẩn y khoa khắt khe. Tối ưu hóa chi phí: Phân tích biến động thị trường để xây dựng kế hoạch mua sắm hiệu quả; quản lý tiến độ thanh toán và kiểm soát chặt chẽ chính sách bảo hành từ nhà cung cấp. Tham mưu giải pháp: Cập nhật các xu hướng công nghệ 4.0 để tư vấn cho Ban Lãnh đạo các phương án trang thiết bị hiện đại, bền bỉ và tiết kiệm năng lượng."
User Acquisition Manager,1,0.03,"Xây dựng và triển khai chiến lược User Acquisition cho các Apps theo mục tiêu tăng trưởng Lập kế hoạch, vận hành và tối ưu các chiến dịch quảng cáo trên Facebook, Google, TikTok, Unity, Applovin… Sử dụng thành thạo các công cụ theo dõi hiệu quả chiến dịch (Appsflyer, Adjust, Bytebrew, Google Analytics...) phân tích dữ liệu và đưa ra các điều chỉnh kịp thời để tối ưu CPI, ROAS, LTV Phối hợp với các bộ phận liên quan để sản xuất các mẫu quảng cáo (creatives) có hiệu quả cao; Thực hiện A/B testing để tối ưu quảng cáo, creative, storelisting, và các yếu tố khác nhằm nâng cao tỉ lệ chuyển đổi Chịu trách nhiệm quản lý và phân công công việc cho các thành viên team Marketing Trực tiếp dẫn dắt và phát triển team MKT để đạt được các mục tiêu đã đề ra, bao gồm đào tạo chuyên môn, quản lý hiệu suất và phát triển kỹ năng Thực hiện các công việc khác theo phân công của quản lý trực tiếp."
IT Quality Manager,1,0.03,"1. Thiết lập hệ thống quản trị chất lượng IT bao gồm: Xây dựng/chuẩn hóa framework ITQM: Chính sách chất lượng, quy chuẩn, checklist, quality gates theo vòng đời phát triển phần mềm ( SDLC). Thiết kế process governance cho Agile/DevOps: DoR/DoD, review gates, release readiness, CAB (nếu có). Thiết lập hệ thống tài liệu hóa: Quy trình, SOP, Template, RACI, tiêu chuẩn coding/testing, acceptance criteria. 2. Quản lý chất lượng phát triển phần mềm: Định nghĩa & triển khai quality plan cho từng sản phẩm/dự án: tiêu chí pass/fail, coverage, tiêu chuẩn UAT/Regression. Kiểm soát chất lượng yêu cầu (requirement quality): completeness, testability, traceability (RTM). Triển khai defect management: phân loại, root cause, trend analysis, ngăn tái diễn. Đảm bảo release quality: release checklist, rollback plan, monitoring plan, go-live criteria. 3. Làm đầu mối quản trị các đầu công việc: Chuẩn bị và phối hợp audit nội bộ/ngoại bộ: ISO 9001/27001 (nếu có), ITIL/COBIT practices. Theo dõi việc khắc phục audit finding và kiểm soát tuân thủ quy trình ở các team. Quản trị rủi ro chất lượng: risk register cho các thay đổi lớn, vendor, tích hợp hệ thống. 4. Thực hiện kiểm soát, xây dựng báo cáo quản trị IT và review định kỳ của công nghệ thông tin để đề xuất cải tiến và xây dựng chiến lược cho quản trị công nghệ thông tin với ban lãnh đạo. 5. Đào tạo và phát triển đội ngũ: Xây dựng bài giảng trên hệ thống đào tạo về các usecase và framework về quản trị công nghệ. Điều phối nguồn lực triển khai và đánh giá kết quả công việc của nhân sự trong team hoặc dự án."
IT Service Manager,1,0.03,Yêu cầu: 5 năm kinh nghiệm Đại Học trở lên Xem chi tiết Yêu cầu Chuyên môn: Chuyên môn Công nghệ thông tin khác
IT Cost Estimator,1,0.03,"1. Mô tả công việc (Job Description) 1.1. Lập dự toán chi phí cho dự án phần mềm cho các dự án: Phần mềm ứng dụng Hệ thống thông tin Cơ sở dữ liệu Nền tảng số, chuyển đổi số Áp dụng đúng các quy định của Nhà nước về quản lý chi phí đầu tư ứng dụng CNTT Tổng mức đầu tư Dự toán chi tiết Giá gói thầu CNTT 1.2. Áp dụng văn bản pháp luật & định mức; Nghiên cứu và áp dụng các văn bản: Luật Đầu tư công Luật Đấu thầu Luật Công nghệ thông tin Các Nghị định, Thông tư hướng dẫn về chi phí CNTT Áp dụng đúng: Định mức lao động Định mức chi phí phát triển phần mềm Phương pháp xác định giá phần mềm theo quy định 1.3. Phân tích yêu cầu & khối lượng công việc Phối hợp với đội kỹ thuật để: Phân tích yêu cầu nghiệp vụ Xác định phạm vi chức năng Xác định khối lượng: Chức năng phần mềm Công việc phát triển, triển khai, đào tạo, vận hành Chuyển đổi yêu cầu kỹ thuật thành khối lượng & chi phí hợp lý 1.4. Lập hồ sơ phục vụ thẩm định & đấu thầu Chuẩn bị các tài liệu: Thuyết minh dự toán Bảng tổng hợp chi phí Bảng chi tiết theo hạng mục Phối hợp giải trình với: Chủ đầu tư Đơn vị thẩm định Cơ quan quản lý nhà nước Hỗ trợ lập hồ sơ mời thầu (phần giá, dự toán) 1.5. Cập nhật & cải tiến phương pháp lập dự toán; Theo dõi, cập nhật các quy định mới về quản lý chi phí CNTT"
IT Project Coordinator,1,0.03,"Tham gia và điều phối tiến độ các dự án IT. Là đầu mối phối hợp giữa các bộ phận và các phòng ban liên quan. Lập và kiểm soát kế hoạch công việc, đảm bảo đúng tiến độ và chất lượng. Hỗ trợ lập kế hoạch công việc, phân bổ task và tổng hợp báo cáo. Tổng hợp tài liệu, kiểm tra chất lượng và cập nhật nội dung dự án."
Business Unit Director,1,0.03,"Dẫn dắt BU Metaverse từ giai đoạn R&D sang giai đoạn thương mại hóa và Go Global Đóng vai trò Kiến trúc sư trưởng cho mô hình kinh doanh, chuyển hóa các lợi thế công nghệ thành các giá trị kinh tế. Tối ưu hóa hệ sinh thái sản phẩm của Metaverse. Điều hành mọi hoạt động của BU, đảm bảo sự phối hợp nhịp nhàng giữa các phòng ban. Định hướng triển khai các hoạt động chiến lược để tăng định giá BU, hướng tới mục tiêu Unicorn. Xây dựng bộ máy nhân sự tinh gọn, giàu tính thực chiến, có khả năng thực thi tầm nhìn. Hỗ trợ phát triển kinh doanh, hợp tác chiến lược với các đối tác để mở rộng quy mô và tầm ảnh hưởng. Đánh giá và cải tiến liên tục các quy trình phát triển sản phẩm và vận hành BU để tăng cường hiệu quả và chất lượng"
Data Analyst Training Manager,1,0.03,"I. Xây dựng chương trình đào tạo DA (30%) - Thiết kế khung chương trình, lộ trình học tập cho các môn học và chương trình đào tạo liên quan đến Phân tích Dữ liệu. - Phối hợp cùng các phòng ban để tích hợp nội dung DA vào các chương trình như Quản trị Kinh doanh số. - Thiết kế phương pháp giảng dạy phù hợp với từng đối tượng học viên (sinh viên, người đi làm,...). - Xây dựng hệ thống bài tập, dự án (project-based learning), phương pháp khảo thí đánh giá kết quả học tập. - Tạo trải nghiệm học tập hấp dẫn, thực tiễn và gắn liền với năng lực nghề nghiệp cho học viên. II. Triển khai đào tạo (30%) - Tuyển chọn, đào tạo và phát triển đội ngũ giảng viên/nhân sự giảng dạy trong mảng DA. - Quản lý và đánh giá tài nguyên học tập, giáo trình, công cụ học tập của sinh viên/học viên. - Phối hợp với các bộ phận liên quan để triển khai đào tạo theo đúng kế hoạch và lộ trình chương trình. - Đảm bảo chất lượng và tiến độ triển khai các chương trình đào tạo. III. Công tác quản lý (20%) - Xây dựng kế hoạch hoạt động của phòng DA theo định hướng và mục tiêu chung của tổ chức. - Giám sát và đánh giá hiệu quả thực thi các công việc trong phòng; báo cáo định kỳ cho cấp quản lý. - Đề xuất các chính sách, cơ chế vận hành và phát triển nhân sự phòng DA. IV. Tham gia đào tạo, đánh giá và cải tiến chương trình (20%) - Tham gia trực tiếp vào hoạt động giảng dạy một số môn/chuyên đề trong chương trình DA. - Đánh giá hiệu quả chương trình và đề xuất cải tiến nội dung, phương pháp đào tạo dựa trên phản hồi và kết quả học tập. - Hướng dẫn học viên thực hiện dự án, đồ án tốt nghiệp liên quan đến phân tích dữ liệu."
Data Recovery Engineer,1,0.03,"A. Tiếp nhận – Đánh giá – Phân luồng xử lý Nhận thiết bị/phiếu yêu cầu từ khách hàng, kiểm tra hiện trạng và xác định nguyên nhân sự cố. Phân loại theo nhóm lỗi (logic, firmware, vật lý), đánh giá mức độ rủi ro và đề xuất hướng xử lý phù hợp. Thực hiện bước chẩn đoán ban đầu, phân bổ ca cho bộ phận chuyên trách (nếu có) và cập nhật tiến độ cho CS/đầu mối liên quan. B. Tạo bản sao dữ liệu an toàn (Imaging/Cloning) Thực hiện sao lưu toàn bộ dữ liệu theo phương pháp bit-by-bit/forensic image, đảm bảo hạn chế tối đa tác động lên thiết bị gốc. Áp dụng giải pháp write blocker (phần cứng hoặc phần mềm) khi cần bảo toàn tính toàn vẹn dữ liệu – đặc biệt trong các trường hợp yêu cầu chuẩn mực thu thập chứng cứ số. C. Phục hồi dữ liệu ở mức logic Khôi phục dữ liệu trong các tình huống: xóa nhầm, format nhầm, lỗi hệ thống file, hỏng phân vùng, lỗi hệ điều hành, sự cố mã hóa/virus (theo chính sách công ty). Thực hiện trích xuất dữ liệu theo yêu cầu và kiểm tra tính toàn vẹn sau phục hồi thông qua việc mở file, đối chiếu cấu trúc và thống kê dữ liệu. D. Phục hồi dữ liệu do lỗi phần cứng/firmware Đối với HDD/SSD/thiết bị lưu trữ flash: tiến hành kiểm tra chuyên sâu, kiểm soát nguồn cấp, xử lý lỗi truy cập ở mức thấp và tối ưu quá trình đọc nhằm thu thập dữ liệu nhiều nhất có thể trong phạm vi công cụ và năng lực kỹ thuật."
Monetization Optimizer,1,0.03,"Phân tích sản phẩm và thị trường Mobile app. Setup Waterfall, A/B testing trên Admob mediation, MAX mediation, ironSource mediation,… nhằm tối ưu doanh thu từ các Advertising Network Phối hợp cùng team Produc, Marketing để đề xuất, cải tiến và phân tích các chiến lược giúp tạo ra doanh thu từ quảng cáo, in app purchase , đồng thời giữ chất lượng trải nghiệm người dùng, từ đó đưa sản phẩm lên đứng đầu thị trường Làm việc với các đối tác Advertising Network như Admob, Facebook, Unity, ironSource, Applovin, Mintegral… để tối ưu doanh thu người dùng đến từ quảng cáo"
Power Platform Engineer,1,0.03,"Phát triển các ứng dụng nội bộ trên nền tảng Microsoft 365 & Power Platform Xây dựng các ứng dụng bằng: Power Apps Power Automate SharePoint Online Power BI Dataverse Copilot studio (Biết là lợi thế) Thiết kế và xây dựng: Workflow tự động hóa quy trình Form nhập liệu Hệ thống quản lý dữ liệu nội bộ Kết nối dữ liệu giữa các hệ thống (SharePoint, Excel, API, Dataverse…) Phối hợp với BA và đội phát triển để xây dựng các ứng dụng phục vụ quản trị doanh nghiệp."
Cybersecurity Instructor,1,0.03,"Hợp tác theo hình thức thỉnh giảng (linh động lịch đáp ứng giảng dạy theo 3 ca: sáng, chiều hoặc tối). Phối hợp cùng đội ngũ nhân sự của Trường để biên soạn giáo án theo tiêu chuẩn. Tham gia công tác giảng dạy phù hợp với chuyên môn Bảo mật và an toàn thông tin."
ERP Data Specialist,1,0.03,"Product Credential Setup Coordinate closely with the Production Excellence team and relevant departments to gather and validate new product setup requests via JIRA. Accurately input product credentials into the ERP system (Microsoft Dynamics AX) within the defined timelines. Ensure a systematic and seamless setup process that supports uninterrupted order processing and operational workflows. Product Credential Updates Receive product update requests from internal departments through JIRA. Identify the nature of requested changes and ensure the correct validation and approval processes are followed. Update product information in the system accordingly and confirm completion with relevant stakeholders. Documentation & Data Management Maintain historical and future product data in a structured and accessible format. Ensure documentation is well organized and available for performance estimation, tracking, or audit purposes. Cross-functional Support Support various operational tasks and projects across the Production Excellence Department and the ERP (IT) team as assigned by management. Participate in training and coaching programs when required to ensure regulatory compliance and improve work performance."
Software Implementation Engineer,1,0.03,"Vị trí này chịu trách nhiệm triển khai, tích hợp và vận hành các sản phẩm phần mềm của ELCOM trong các dự án giao thông thông minh (ITS), đảm bảo hệ thống hoạt động ổn định, đúng yêu cầu kỹ thuật và đáp ứng tiến độ dự án. MÔ TẢ CÔNG VIỆC Nắm bắt các sản phẩm về giao thông thông minh của ELCOM ( ETC, HT Cân, ITS) ( bao gồm các kiến thức về quản trị, cài đặt các ứng dụng trên server (có người hướng dẫn), khai thác database (mức basic), hệ thống thiết bị điện + camera). Thực hiện triển khai tích hợp phần mềm sản phẩm nội bộ cho mảng giải pháp Giao thông thông minh (Thu phí, cân tải trọng, giám sát xử phạt, ....) đảm bảo đúng tiến độ, tiêu chí lắp đặt, chất lượng yêu cầu và nghiệm thu hệ thống. Hỗ trợ đào tạo, hướng dẫn vận hành sản phẩm cho Khách hàng. Theo dõi chất lượng, bảo hành, bảo trì phần mềm các hệ thống đã triển khai. Phối hợp các bộ phận để tối ưu sản phẩm."
Level Designer,1,0.03,"Thiết kế và xây dựng các màn chơi (level) trong game bằng công cụ nội bộ. Hiểu về nhịp độ (pacing) và tiến trình (progression) của level, đồng thời áp dụng hiệu quả trong quá trình thiết kế. Phân tích dữ liệu hành vi người chơi để đánh giá hiệu quả của level và đề xuất cải thiện. Liên tục tối ưu và chỉnh sửa level dựa trên feedback và dữ liệu thu thập được. Đóng góp ý tưởng sáng tạo cho thiết kế game và các tính năng gameplay."
Application Support Specialist,1,0.03,"- Đảm bảo tất cả thông tin thầu được cập nhật trên Tender web theo từng giai đoạn chính xác và kịp thời -Phối hợp với Bộ phận IT và Hợp đồng để đề xuất giải pháp phù hợp các trường hợp phát sinh trong quá trình quản lý Tender Web -Tạo tài khoản, điều chỉnh phân quyền chính xác và kịp thời theo yêu cầu của User -Hướng dẫn Hãng thao tác trên Tender Web -Hướng dẫn, đào tạo nhân viên sử dụng Tender Web -Theo dõi và cập nhật kịp thời các báo cáo về thông tin Thầu trên hệ thống Tender Web -Thực hiện một số công việc khác theo phân công của Quản lý trực tiếp."
ICT Solutions Engineer,1,0.03,"1. Thiết kế Giải pháp: Làm việc trực tiếp với đội ngũ kinh doanh và khách hàng để hiểu rõ các yêu cầu kinh doanh, các quan hệ hợp tác trong nội bộ Công ty và hồ sơ ISO Có kỹ năng chuyên sâu về hệ thống hạ tầng ICT Xây dựng các cấu hình kỹ thuật phù hợp yêu cầu khách hàng về các dự án đầu tư CNTT. Trình bày, làm hồ sơ giải pháp và hồ sơ dự án, triển khai dự án giải pháp CNTT. Nghiên cứu, tự học hoặc tham gia các khóa đào tạo của hãng thường xuyên để nắm vững được các giải pháp, công nghệ và sản phẩm của các đối tác của Công ty. 2. Hỗ trợ Kỹ thuật và Bán hàng: Hỗ trợ kỹ thuật, thực hiện các dịch vụ kỹ thuật theo yêu cầu của khách hàng và yêu cầu của các dự án IT (bao gồm cả phần Presales, Postsales và Afterales Service) Tham gia vào quá trình lập hồ sơ thầu, viết đề xuất kỹ thuật (technical proposal) và báo cáo. Trình bày, làm hồ sơ giải pháp và hồ sơ dự án."
Low Code Engineer,1,0.03,"We are looking for an experienced Low Code Engineer to join our development team. This is a great opportunity for you to apply your low-code development skills across various platforms and contribute to innovative technology projects. Particularly, if you have experience with NTT Intra-mart, workflow design, or knowledge of BPM/BPMN, you will have a significant advantage. Analyze requirements, design, and develop low-code solutions on platforms used within the company (priority given to the NTT Intra-mart platform). Design and implement automated workflows and applications related to business process management (BPM). Collaborate closely with the development team, business analysts, and clients to deliver appropriate and effective solutions. Ensure that solutions meet criteria for security, performance, and scalability. Train and support users and team members in the development and use of low-code platforms. Troubleshoot and continuously improve existing systems."
C++ Developer,1,0.03,"Develop and maintain user interfaces using C++. Collaborate with backend developers to integrate APIs and services. Write clean, maintainable, and efficient code. Participate in code reviews and contribute to team best practices. Optimize applications for maximum speed and scalability. Troubleshoot and debug applications to enhance performance."
Programming Tutor,1,0.03,"- Hỗ trợ giáo viên chính trong việc chuẩn bị và giảng dạy các khóa học lập trình cho học viên từ cơ bản đến nâng cao. - Hỗ trợ xây dựng, cập nhật và cải tiến giáo trình, tài liệu giảng dạy nhằm đảm bảo nội dung học tập luôn mới mẻ và sát với thực tế. - Hỗ trợ quản lý chất lượng đảm bảo chất lượng đào tạo đạt chuẩn đầu ra, báo cáo và thực hiện các bài đánh giá năng lực học viên định kỳ, cung cấp phản hồi và đưa ra giải pháp hỗ trợ, cải thiện kỹ năng cho từng đối tượng học viên. - Tư vấn, hỗ trợ và giải đáp các thắc mắc cho học viên trong quá trình học tập. - Được tham gia lên kế hoạch và xây dựng hệ thống bài giảng trực tuyến, hệ thống kiểm tra đánh giá và tài liệu học tập số. - Thực hiện các công việc khác theo yêu cầu của Cấp trên."
Growth Advisor,1,0.03,"Nghiên cứu thị trường, xác định phân khúc khách hàng tiềm năng và xây dựng chiến lược tiếp cận phù hợp với các giải pháp phần mềm của công ty. Tìm kiếm và phát triển khách hàng mới; phân tích nhu cầu và tư vấn giải pháp phù hợp cho từng khách hàng. Dẫn dắt toàn bộ chu trình bán hàng (sales cycle) từ tiếp cận khách hàng, khảo sát nhu cầu, đề xuất giải pháp, thương lượng đến ký kết hợp đồng và chăm sóc sau bán. Chuẩn bị tài liệu đề xuất giải pháp (proposal, presentation) và phối hợp với Marketing triển khai các hoạt động lead generation theo ngành. Quản lý pipeline kinh doanh, theo dõi tiến độ các cơ hội bán hàng và báo cáo hiệu quả hoạt động phát triển khách hàng. Xây dựng phương án giá, tham gia đàm phán và phối hợp với các bộ phận liên quan để hoàn thiện hợp đồng. Phối hợp với đội triển khai để đảm bảo chất lượng bàn giao dự án, theo dõi tiến độ thực hiện hợp đồng và phát triển cơ hội upsell."
Process Quality Analyst,1,0.03,"1. Mục tiêu vị trí: Chịu trách nhiệm theo dõi, đánh giá và thúc đẩy việc tuân thủ quy trình trong các dự án; nhắc nhở Quản lý Dự án hoàn thành các mốc quản trị và hồ sơ bắt buộc; tham gia chuẩn hóa, cải tiến, đào tạo và truyền thông quy trình trong tổ chức nhằm nâng cao chất lượng quản trị dự án và tính kỷ luật thực thi. 2. Nhiệm vụ chính Theo dõi việc tuân thủ quy trình, hướng dẫn, biểu mẫu, checklist và hồ sơ quản trị dự án theo quy định nội bộ. Rà soát định kỳ tình trạng thực hiện các mốc quản trị, báo cáo, phê duyệt, hồ sơ nghiệm thu, hồ sơ đóng giai đoạn/đóng dự án. Chủ động nhắc nhở Quản lý Dự án và các bên liên quan về các đầu việc đến hạn, milestone quan trọng và nghĩa vụ báo cáo. Ghi nhận các điểm chưa phù hợp, chậm trễ hoặc thiếu hồ sơ; tổng hợp, báo cáo và theo dõi việc khắc phục. Cảnh báo sớm các rủi ro liên quan đến tuân thủ quy trình, tiến độ quản trị và chất lượng hồ sơ dự án. Tham gia xây dựng, cập nhật, chuẩn hóa quy trình, biểu mẫu, checklist, hướng dẫn và cơ chế kiểm soát nội bộ liên quan đến quản trị dự án. Tham gia đào tạo, hướng dẫn và truyền thông nội bộ về quy trình cho Quản lý Dự án và các đội dự án. Hỗ trợ các hoạt động kiểm tra nội bộ, đánh giá sức khỏe dự án, tổng hợp bài học kinh nghiệm và đề xuất cải tiến quy trình."
Product Idea Creator,1,0.03,"Nghiên cứu & triển khai product idea sạch cho dòng sản phẩm sách kết hợp với công nghệ AI; Phân tích văn hóa, hành vi và thói quen tiêu dùng của khách hàng phụ huynh/ông bà/… tại thị trường US UK EU AU; Phân tích dữ liệu thị trường, đối thủ cạnh tranh, xu hướng sản phẩm. Từ đó dự đoán nhu cầu khách hàng; Sáng tạo ý tưởng dựa trên dữ liệu nghiên cứu; Tham gia phát triển sản phẩm và xây dựng thương hiệu từ giai đoạn đầu; Đề xuất và triển khai chiến lược Marketing & Branding cho brand mới; Phối hợp với các bộ phận liên quan (Design, Marketing, Vận hành…) để triển khai ý tưởng hiệu quả."
BIM Developer,1,0.03,"Chuyên viên BIM Developer Xây dựng, 1 Chuyên viên BIM Developer Cơ điện: • Tự động hóa: Viết các Add-ins/Plugins (C#, Python) trên Revit, Navisworks để tự động hóa các tác vụ lặp đi lặp lại. • Quản trị dữ liệu: Kết nối dữ liệu từ mô hình BIM với các phần mềm quản lý khác (ERP, SAP, Power BI...). • Nghiên cứu APS (Forge): Phát triển nền tảng xem và quản lý mô hình trên Web-base. • Hỗ trợ kỹ thuật: Xây dựng các Script phức tạp để xử lý hình học và dữ liệu lớn."
Simulation Engineer,1,0.03,"Tham gia các dự án/ công việc tính toán thiết kế và mô phỏng kết cấu Tham gia đào tạo, hỗ trợ kỹ thuật cho khách hàng sử dụng phần mềm Mechanical, LS-DYNA Hỗ trợ kinh doanh: tư vấn kỹ thuật, giới thiệu sản phẩm cho khách hàng"
Technical Coordinator,1,0.03,"Lập, tổng hợp, theo dõi, điều chỉnh Kế hoạch sản xuất kinh doanh (gồm Doanh thu, Chi phí, Dòng thu, Dòng chi, Đầu tư) của Phòng Kỹ thuật truyền hình (KTTH). Tổng hợp, tham mưu cho Trưởng bộ phận về các Kế hoạch đầu tư/Phương án tài chính của dự án mới. Xây dựng/Điều chỉnh/Báo cáo Kế hoạch tối ưu chi phí theo từng giai đoạn hoặc theo chỉ đạo của Cấp Có Thẩm Quyền. Đầu mối thanh toán, tạm ứng, thu chi, theo dõi thực hiện hợp đồng, trích trước chi phí, đăng ký kế hoạch chi tuần ... liên quan đến thanh quyết toán của KTTH (mặt bằng, điện, đường truyền, phí/lệ phí, sửa chữa bảo dưỡng ...) Theo dõi tiến độ dự án, mua sắm thiết bị/tài sản phối hợp với các bộ phận/phòng ban liên quan nhằm đảm bảo công việc thực hiện theo đúng tiến độ đã đề ra. Phối hợp nhóm DTT (Truyền hình kỹ thuật số mặt đất) và nhóm DTH (Truyền hình kỹ thuật số vệ tinh) để xử lý sự cố và triển khai các dự án DTT và DTH. Phối hợp nhóm truyền dẫn để xử lý sự cố và triển khai các dự án liên quan đến truyền dẫn. Phối hợp và hỗ trợ các nhóm về kỹ thuật truyền hình và các phòng ban khác trong xử lý công việc."
GIS Developer,1,0.03,"Tốt nghiệp Đại học chuyên ngành: Thông tin Địa lý, Địa tin học hoặc các ngành liên quan. Thành thạo các phần mềm GIS phổ biến như: ArcGIS, Mapinfor, QGIS... Có kiến thức về cơ sở dữ liệu không gian (geodatabase) và các định dạng dữ liệu không gian (shapefile, GeoJSON, v.v.). Có kiến thức về web GIS và phát triển ứng dụng web GIS (html, css, javascript...) Có kinh nghiệm lập trình (Python, JavaScript, v.v.) để tự động hóa các quy trình GIS"
Outsystem Developer,1,0.03,"Tham gia tìm kiếm, đề xuất giải pháp về kỹ thuật nhằm đáp ứng yêu cầu khách hàng. Thiết kế và phát triển các Giải pháp OutSystems dựa trên yêu cầu của khách hàng. Hỗ trợ và đào tạo cho các thành viên trong dự án. Tạo tài liệu mẫu, checklist, rules... cho dự án."
System and Database Administrator,1,0.03,"Quản trị, vận hành hệ thống ổn định hệ thống máy chủ và cơ sở dữ liệu tập trung của THACO, đồng thời hỗ trợ vận hành hệ thống tại THISO đảm bảo hoạt động ổn định, an toàn thông tin. Trực tiếp giám sát hiệu năng máy chủ, CSDL được phân công vận hành tại THACO, phối hợp xử lý các sự cố phát sinh liên quan CNTT tại THISO, các đơn vị phụ trách. Thực hiện công tác bảo trì định kỳ, cập nhật bản vá cho hệ thống máy chủ và các thiết bị lưu trữ, kiểm tra nhật ký hệ thống để phát hiện sớm các rủi ro. Thực hiện quy trình sao lưu (Backup) dự phòng định kỳ đối với dữ liệu, phần mềm ứng dụng tại THISO, đảm bảo tính toàn vẹn và khả năng khôi phục khi có sự cố. Tuân thủ các quy trình quản trị, bảo mật hệ thống. Tham gia biên soạn và cập nhật tài liệu hướng dẫn vận hành hệ thống máy chủ, CSDL. Hỗ trợ kỹ thuật, hướng dẫn CB-NV tại các đơn vị phụ trách sử dụng hiệu quả các dịch vụ CNTT. Báo cáo định kỳ tình trạng hoạt động của hệ thống và kết quả công việc cho cấp quản lý trực tiếp."
IT Translator,1,0.03,"Read, analysis & translate the project requirements, project specification documents and explain them to the development team. Interpret meetings and exchange content between clients, PMs and developers. Support QA team to ensure the project is implemented on schedule and meets quality as required. Support administrative and back office tasks when requested by manager."
Renewal Specialist,1,0.03,"- Liên hệ với các khách hàng đang sử dụng phần mềm KiotViet để chăm sóc, hỗ trợ khách hàng trong quá trình phần mềm trên data có sẵn (100% - data công ty cung cấp) - Tạo mối quan hệ tốt với các khách hàng sắp hết hạn và đã hết hạn hợp đồng để khách hàng tái ký - gia hạn hợp đồng mới; - Tiến hành đàm phán, thương lượng hợp đồng với khách hàng; - Hỗ trợ, hướng dẫn các tính năng mới của phần mềm nếu có cho khách hàng."
Monetization Analyst,1,0.03,"Lên ý tưởng, kịch bản quảng cáo (ads script) cho app. Hỗ trợ thiết lập và theo dõi Mediation trên các nền tảng như AdMob, MAX. Tham gia cùng team trong việc cấu hình Waterfall, hiểu cách phân bổ quảng cáo theo từng quốc gia và nhóm người dùng. Thực hiện A/B test, phân tích dữ liệu và báo cáo kết quả các chiến dịch. Cùng team đưa ra đề xuất tối ưu doanh thu dựa trên dữ liệu thực tế. Tìm hiểu và cập nhật xu hướng, tips mới về quảng cáo app. Làm quen với các công cụ theo dõi dữ liệu như Firebase, Google Analytics. Hỗ trợ nghiên cứu, đánh giá các network quảng cáo mới (AdMob, MAX, TikTok, Unity...)."
E-commerce Administrator,1,0.03,"Quản lý danh mục sản phẩm & dịch vụ trên các nền tảng bán hàng (website, ERP nội bộ…): Tạo mới sản phẩm/dịch vụ: nhập thông tin chi tiết (tên, mô tả, thông số kỹ thuật, hình ảnh, video, biến thể SKU, thuộc tính…) Cập nhật và tối ưu thông tin sản phẩm định kỳ để đảm bảo chính xác, hấp dẫn và tuân thủ quy định của nền tảng. Quản lý giá bán và khuyến mãi: Cập nhật, điều chỉnh giá bán, giá gốc, giá sale theo kế hoạch kinh doanh và chiến dịch marketing. Thiết lập và quản lý các chương trình khuyến mãi, flash sale, combo, voucher, giảm giá theo % hoặc giá trị cố định. Theo dõi và xử lý các trường hợp sai giá, trùng giá, xung đột khuyến mãi. Theo dõi & phân tích giá thị trường: Nghiên cứu, so sánh giá sản phẩm/dịch vụ tương đương của đối thủ cạnh tranh (website đối thủ, cửa hàng offline…). Báo cáo hàng tuần/tháng về biến động giá thị trường, xu hướng giá, sản phẩm hot trend. Đề xuất điều chỉnh giá bán để duy trì lợi thế cạnh tranh và biên lợi nhuận mục tiêu. Hỗ trợ vận hành sản phẩm hàng ngày: Kiểm tra và xử lý các lỗi hiển thị sản phẩm (hết hàng, ngừng kinh doanh, sai thông tin…). Phối hợp với bộ phận kho vận, marketing, kinh doanh để cập nhật tồn kho, trạng thái sản phẩm kịp thời. Hỗ trợ xử lý khiếu nại khách hàng liên quan đến thông tin sản phẩm/giá cả. Báo cáo & cải tiến: Lập báo cáo định kỳ về tình hình danh mục sản phẩm, hiệu quả giá bán, biến động thị trường. Đề xuất cải tiến quy trình nhập liệu, tối ưu hiển thị sản phẩm để tăng tỷ lệ chuyển đổi."
AI Automation Engineer,1,0.03,"Overview We are looking for a tech-savvy Product & AI Automation Intern to support the development of innovative digital products and internal automation solutions. This role is designed for candidates who are interested in product development, user experience design, and AI-driven workflow automation. You will work closely with the product team to conduct market research, design product prototypes, and build internal automation workflows using AI and low-code tools. Responsibilities1. Product Research & Documentation Conduct market research and competitor analysis to identify emerging trends, product features, and user pain points. Support the team in preparing Business Requirement Documents (BRD) and Functional Requirement Documents (FRD). Define and map user journeys and logic flows for new product features. Assist in synthesizing research insights to support product improvement initiatives. 2. UI/UX Prototyping (Figma) Design wireframes, mockups, and interactive prototypes using Figma based on approved product requirements. Simulate user interactions to validate product logic and user experience before the development phase. Collaborate with the product team to refine design solutions. 3. AI & Workflow Automation Design and build automation workflows using low-code tools (e.g., n8n) to improve internal operational efficiency. Research and experiment with AI agents and Large Language Models (LLM) to automate repetitive tasks or support data analysis. Support the integration of automation solutions into existing workflows."
Data Management Specialist,1,0.03,"Xây dựng và duy trì các chính sách, quy trình quản trị dữ liệu trên toàn tổ chức. Quản lý metadata, chất lượng dữ liệu, phân loại dữ liệu và quyền truy cập người dùng. Đảm bảo dữ liệu tuân thủ các quy định nội bộ và pháp lý (VD: GDPR, Basel). Phối hợp với các đơn vị chức năng khác để nâng cao nhận thức và tiêu chuẩn về quản trị dữ liệu trong toàn doanh nghiệp."
AI Application Specialist,1,0.03,"1. Ứng dụng AI trong sản xuất nội dung bán hàng: - Sử dụng AI để: Tạo hình ảnh phối cảnh, ảnh minh họa marketing, Tạo video ngắn bán hàng, clip social, Hỗ trợ viết nội dung quảng cáo, kịch bản video - Thiết kế nhanh: Brochure, flyer, leaflet, Slide bán hàng cho đội ngũ kinh doanh. - Tối ưu nội dung phù hợp từng nền tảng (Facebook, TikTok, Website…). - Hỗ trợ đội Sales cá nhân hóa nội dung bán hàng bằng AI. 2. Chuẩn hóa thư viện template Marketing: - Xây dựng thư viện template chuẩn: Slide bán hàng, Brochure dự án, Mẫu bài đăng social, Mẫu proposal cho đối tác. - Xây dựng bộ prompt AI chuẩn dùng chung nội bộ. - Cập nhật, cải tiến template theo từng chiến dịch. - Đảm bảo đồng bộ hình ảnh thương hiệu. 3. Hỗ trợ triển khai Chatbot & CRM cơ bản: - Phối hợp triển khai chatbot tự động trả lời khách hàng. - Hỗ trợ thiết lập CRM: Nhập liệu, Phân loại khách hàng, Tạo báo cáo cơ bản. - Đề xuất tự động hóa quy trình chăm sóc khách hàng. - Hướng dẫn đội ngũ sử dụng công cụ hiệu quả. 4. Tối ưu quy trình làm việc bằng công nghệ: - Đề xuất công cụ AI/Automation phù hợp. - Xây dựng workflow tự động: Báo cáo bán hàng, Phân bổ lead, Nhắc lịch chăm sóc khách hàng - Theo dõi hiệu quả ứng dụng công nghệ. - Đào tạo nội bộ về sử dụng AI trong công việc. 5. Thực hiện các công việc khác: Thực hiện các nhiệm vụ khác theo sự phân công của Ban Lãnh đạo."
IT Business Partner,1,0.03,"HumVentures is a trusted Vietnamese hospitality brand managing a portfolio of premium concepts in dining, event spaces, and handcrafted regional gifts. We are committed to delivering refined culinary experiences and thoughtful service that reflect care, quality, and local identity. Our ecosystem includes: Hum – Wholesome plant-based cuisine Mặn Mòi – Authentic Vietnamese flavors Vườn Trong Phố – Elegant event spaces The Bloom – Unique handcrafted regional gifts We are looking for an experienced and capable IT Business Partner to join our team. This role plays a key part in connecting business strategy with technology solutions, managing company-wide IT systems, and driving digital transformation across all brands KEY RESPONSIBILITIES: This position requires strong management skills with the following key responsibilities: Analyze business requirements and translate them into feasible technology solutions. Propose appropriate IT solutions and improved processes to enhance operational efficiency. Orchestrate and coordinate resources from relevant departments in IT project implementation to support business needs. Monitor and control project progress, budget, risks, and quality. Ensure the IT system operates securely and maintains data consistency across the enterprise."
AI Data Annotator,1,0.03,"Vận hành hệ thống với dữ liệu là văn bản pháp luật, tình huống pháp luật, bản án… Nhập liệu các dữ liệu liên quan đến luật, câu hỏi/ câu trả lời liên quan đến pháp luật. Rà soát chất lượng câu trả lời tự động của Trợ lý ảo, sửa lại thông tin đúng khi trợ lý ảo nhận thông tin sai Các công việc khác theo yêu cầu của quản lý. Thời gian làm việc: 08:30-18:00 từ Thứ 2 đến Thứ 6"
IT Vendor Management,1,0.03,Yêu cầu: 2 năm kinh nghiệm Đại Học trở lên Tiếng Anh Đọc hiểu Xem chi tiết Yêu cầu Chuyên môn: Chuyên môn Công nghệ thông tin khác IT - Phần mềm
ABAP Developer,1,0.03,"We are looking for a talented and experienced ABAP developer to join our team. The ideal candidate will have experience in ABAP Workbench Tools, ABAP dictionary, ABAP editor, function builder, and transactions, ABAP dictionary, BAPI, RFC, BDC, and Enhancements.  Responsibilities Work with Technical lead, Consultant and PM to design technical solutions and develop ABAP programs Take full responsibility for SAP development (code, unit test, deploy, resolve Production issues) Research and apply latest SAP Technical to projects (SAP BTP, CDS, Odata, Integration Suites…) Involve in the full module of SAP from Production, Sales, Inventory, FI/CO , etc. Work on data migration from SAP to Other Application Follow strictly SAP development guidelines Expand the scope of work according to business development requirements"
Technical Operations Engineer,1,0.03,"Vận hành kỹ thuật: Vận hành kỹ thuật livestream bán hàng trên các phần mềm OBS, Vmix. Thiết lập, kiểm soát và xử lý các vấn đề liên quan đến hình ảnh, âm thanh, ánh sáng trong quá trình livestream. Quản lý, kết nối và vận hành các thiết bị livestream: camera, micro, đèn, switcher… Đảm bảo livestream diễn ra ổn định, đúng kịch bản và xử lý sự cố kỹ thuật phát sinh trong quá trình live. Phối hợp với team nội dung, host/MC và các bộ phận liên quan để tối ưu chất lượng buổi livestream. Vận hành livestream trên các nền tảng: Shopee, Facebook, TikTok và các nền tảng liên quan khác. Thực hiện các công việc theo sự phân công của quản lý. Quản lý team: Hướng dẫn, đào tạo và quản lý đội ngũ nhân sự level Intern, Executive. Phân công công việc, theo dõi tiến độ và xử lý các vấn đề kỹ thuật phát sinh. Duy trì và lan tỏa tinh thần làm việc đến toàn bộ thành viên trong team."
PMO Officer,1,0.03,"1. Quản trị dự án: - Xây dựng và cập nhật hệ thống quy trình quản trị, công cụ, phương pháp làm việc để quản trị tất cả các dự án triển khai của Công ty. - Phê duyệt kế hoạch triển khai dự án. Theo dõi, đánh giá và báo cáo kết quả, tiến độ thực hiện các dự án, trong đó gồm các dự án trọng điểm. - Kiểm tra, phê duyệt ngân sách dự án, các chỉ số đo lường của các Dự án hoặc các vấn đề phát sinh theo phân quyền phê duyệt. - Xây dựng mối quan hệ với các bên liên quan, phối hợp để xử lý vấn đề phát sinh, tránh làm ảnh hưởng đến dự án. - Lập kế hoạch quản trị rủi ro & đánh giá rủi ro cho các dự án, trong đó gồm các dự án trọng điểm. 2. Tổ chức, quản lý phòng Quản trị dự án: - Tổ chức hoạt động của phòng Quản trị dự án, thực hiện điều phối nguồn lực nhân sự vào các dự án. - Đánh giá hiệu quả làm việc của nhân sự, đề xuất và thực hiện các chương trình đào tạo phù hợp. - Tiếp nhận và hỗ trợ việc chia sẻ nguồn lực, tài nguyên giữa các bộ phận."
AI Application Developer,1,0.03,"Design, develop, and deploy AI-integrated applications that solve real logistics and operations problems. Identify opportunities for AI/LLM-driven automation across Sales, Customer Service, Operations, and Finance, and propose data-driven solutions. Translate business requirements into BRS/TRS/RTM artefacts per Dimerco IT standards, including AI feasibility analysis and solution design. Research emerging AI technologies, turn them into practical innovations, and deliver AI-driven solutions within project deadlines. Analyze and assist in gathering and supporting user requirements for IT applications as needed. Other tasks as Management assigned."
Agentic Coding Specialist,1,0.03,"About Scandinavian Software Park Scandinavian Software Park is Monterro’s tech hub in Hanoi, home to 150+ software engineers working for 13+ Nordic B2B SaaS companies. Founded in 2021, the park connects outstanding Vietnamese engineers with Scandinavia’s market-leading software companies. Monterro is a Stockholm-based private equity firm managing EUR 2.85bn, specializing exclusively in Nordic B2B software. We’re building a dedicated AI team called InFuse AI to accelerate AI adoption across our portfolio – and it starts right here in Hanoi.  Is this you? You can’t stop exploring agentic coding. Claude Code, Cursor, Copilot, Codex, the latest open-source agent frameworks. You try them all, you compare them, you have opinions. Not because someone asked you to, but because you couldn’t resist. You read the changelogs. You follow the people building these tools. When something new drops, you’re already testing it. Maybe you’ve built side projects just to see what’s possible. Maybe you’ve automated parts of your own workflow that nobody asked you to automate. Maybe you spend your evenings thinking about how AI changes the way developers work, not the models themselves, but what they mean for how software gets built. That’s the kind of curiosity we’re looking for. You’re the person your colleagues come to when they want to understand what AI can actually do for their code. And you enjoy that. You like showing people, not just telling them. You’ve shipped production software for 5+ years. You know what it’s like to maintain a legacy codebase, wrestle with technical debt, and deliver under pressure. That experience matters, it’s what gives you credibility when you sit down with a developer and say “let me show you something.”  Note: This role requires a strong software development background but the job itself is coaching and enabling other developers, not writing production code day to day. We’re looking for someone who builds with agentic coding tools, not someone who builds AI/ML models. If your background is mainly in machine learning, data science, or AI research, this probably isn’t the right fit. Your English is strong. You communicate clearly and ask good questions. If this sounds like you, keep reading.  What do you do? Roughly 80% of your time: help developers get good at AI coding . The other 20% is technical assessment work for investment decisions. But this split isn’t fixed, it will shift based on what’s needed. Coach and enable developers. Scandinavian Software Park has 150+ engineers working for 13+ Nordic B2B SaaS companies. Many of them haven’t yet integrated AI into how they code. Your job is to change that. You’ll work together with them directly in their codebases — not with slides and theory, but with real code and real problems. Pair programming, workshops, hands-on sessions. You’ll help teams find the workflows that actually work for them, at their level, in their stack. What this looks like day to day: Sit with developers and show them how to use AI tools effectively on their actual tasks Run workshops tailored to each team’s tech stack and experience level Help teams build habits — from spec-driven development to effective agent workflows to knowing when AI helps and when it doesn’t Support portfolio company teams based in Hanoi with agentic coding training Help with legacy modernization projects where AI-assisted development can make a real difference Create practical guides and share what works across teams You never work in a vacuum. Every engagement is coordinated with the Swedish AI team and/or the engineering leader at the portfolio company. You’ll always have someone to discuss approach with and learn from. You don’t need to have been a professional trainer. But you need to be the kind of person who genuinely likes helping others figure things out and who is patient enough to meet people where they are.  Support investment decisions through technical assessment . When Monterro evaluates a company for acquisition, you’ll help answer: how hard is this to build? You do this by trying to replicate the target company’s solution using AI tools. The outcome is always useful: If it’s easy to replicate – that tells us the solution has limited technical moat If it’s hard – we learn more about what’s difficult, which informs both the investment decision and where to create value afterwards You’ll also use AI to review code quality, technical debt, and architecture in target companies and feed your findings into the investment process.  Your team: You’ll be part of Monterro’s AI team, Infuse AI – a small, senior team based in Stockholm that works across the entire portfolio. You report to the AI Lead for reviews and development, but your daily work is closely coordinated with our senior agentic coding specialist. Expect daily standups, weekly team meetings (remote) and a lot of autonomy in between. You’re the team’s presence in Hanoi. That means you’ll build relationships with developers and team leads at the park, and be the bridge between what’s happening on the ground and the AI team’s broader strategy."
Demo Operations Specialist,1,0.03,"At OL Vietnam , we have worked alongside our parent company, Orange Logic LLC, to support some of the world’s largest enterprises with their digital asset management needs. Orange Logic provides a premier Digital Asset Management (DAM) platform that streamlines workflows, enhances collaboration, and ensures compliance across complex digital ecosystems, empowering any team working with digital content the ability to efficiently create, manage, and distribute their content at scale.  WHAT DIFFERENTIATES OL VIETNAM We are trusted by global leaders to work with over 100 customers, including many of the world's most recognized brands. Our business is strong and resilient, even in the face of economic challenges. During the Covid economic downturn, we did not implement layoffs or reduce compensation. Instead, we continued to grow, consistently expanding our team and adding dozens of talented members to our R&D department each year. You’ll work with top engineers and team members who are passionate about building flexible, scalable, and streamlined systems that will define the future of business management. MISSION Job Summary: We’re seeking a Demo Operations Specialist who is a key contributor within the Demo Operations function, supporting Solutions Engineers by building, configuring, and maintaining high-quality demo environments used in sales engagements. While aligned to the Implementation team, this role operates in close partnership with Pre-sales to ensure demo environments are delivered accurately, consistently, and on time.  This role is highly execution-focused and process-driven, responsible for translating defined requirements into fully configured environments. Responsibilities include structuring content, applying metadata, configuring UI elements, and enabling workflows that support compelling, repeatable demo experiences. In addition to core demo builds, this role also supports proof of concept environments and maintains shared demo systems used across teams.  Essential Functions: Demo & POC Environment Setup Configure demo and proof of concept environments based on detailed briefs from Solutions Engineers, including folder structures, metadata schemas, and content organization aligned to specific use cases and customer scenarios. Asset Management & Tagging Source, upload, and organize assets using customer-provided content, stock libraries, or curated examples; apply metadata and taxonomy with a high degree of accuracy and consistency. UI Configuration Configure user interfaces including homepages, navigation, collections, and forms to support guided demo flows, POC use cases, and role-based experiences. Automation & AI Services Execute AI-driven tagging and metadata enrichment processes; configure basic automation workflows to support demo and POC functionality. Workflow Support & Testing Assist in building and validating simulated customer workflows; execute QA processes, complete environment checklists, and ensure readiness prior to handoff to Solutions Engineers. Shared Demo System Support Maintain and update shared demo environments used across Presales and other internal teams, ensuring consistency, usability, and alignment with evolving product capabilities. Collaboration & Documentation Partner with Solutions Engineers, Implementation, and Product teams to deliver environments on schedule; maintain internal documentation, templates, and best practices to support scalability and repeatability. The above statements outline what are generally considered the principal and essential functions of this role. Specific responsibilities may vary based on business needs."
IT Risk Management,1,0.03,"Tham gia nhận diện, quản lý và phối hợp với các bộ phận đưa ra các biện pháp phù hợp nhằm phòng tránh và giảm thiểu các rủi ro có thể xảy ra trong lĩnh vực công nghệ thông tin (CNTT). Quản lý các điểm yếu, rủi ro trong hoạt động công nghệ; Đầu mối xây dựng và tổ chức triển khai các tài liệu, chỉ số về rủi ro nhằm phát hiện và quản lý các rủi ro tiềm ẩn trong lĩnh vực công nghệ của VAB; Nghiên cứu và đề xuất các chính sách, giải pháp An toàn thông tin, quản lý rủi ro công nghệ; Tham gia soạn thảo, đề xuất điều chỉnh quy định, quy trình về quản lý rủi ro hoạt động công nghệ tại VAB nhằm đảm bảo cập nhật đáp ứng tuân thủ theo các văn bản quản lý; Giám sát thực hiện các nguyên tắc quản trị rủi ro CNTT theo các quy định tại các văn bản hiện hành về Quản trị rủi ro CNTT của VAB và các chuẩn mực Quản trị rủi ro CNTT; Quản lý danh mục rủi ro công nghệ thông tin của ngân hàng, đề xuất các giải pháp giảm thiểu, kiểm soát rủi ro phù hợp. Phối hợp với Khối Công nghệ Ngân hàng xử lý các rủi ro trọng yếu; Phát triển, thực hiện chính sách và công cụ quản lý rủi ro trong hệ thống một cách nhất quán; Thực hiện các báo cáo định kỳ tới Ban lãnh đạo Khối theo yêu cầu; Tổ chức đánh giá độc lập rủi ro của các hệ thống CNTT và cho ý kiến với các báo cáo tự đánh giá rủi ro hệ thống do Khối Công nghệ Ngân hàng, người dùng thực hiện; Xây dựng và quản lý hệ thống chỉ số rủi ro CNTT chính (KRI); Đánh giá rủi ro CNTT khi triển khai sản phẩm/dịch vụ CNTT mới (NPA). Xây dựng và phát triển các ứng dụng công nghệ thông tin trong quản lý rủi ro; Đề xuất các công cụ và phương pháp mới trong công tác quản lý rủi ro."
Delivery Manager,1,0.03,"As a Senior Manager , you will define business plans for your group and lead offshore business activities, including sales support, opportunity analysis, pre-study, implementation, and upgrade projects for both existing and new customers.  This is a key leadership role responsible for managing a group of managers, ensuring smooth offshore operations, achieving business targets, and overseeing projects end-to-end with a strong focus on quality, delivery, and contractual compliance.  Lead and manage offshore delivery teams across multiple projects, with a total team size of over 50 members, including business partners. Execute business strategy by business domain and prepare customer strategy by business domain, aligned with division and company objectives, including mid-term plan and demand changes. Ensure projects are delivered with high quality, on time, within budget and scope. Define countermeasures and action items with proper priority to achieve delivery performance, including quality, risks, changes, and financial status, and report to division leadership. Act as a key escalation point for delivery and customer-related issues. Maintain effective communication with customers (especially Japanese clients) and internal stakeholders. Build, mentor, and develop managers and key members through performance management and career development. Drive continuous improvement of delivery processes, quality standards, and operational KPIs. Conduct pre-sales, estimation, and proposal, including reviews for team members. Take on additional responsibilities to support operational and organizational improvement."
Hardware Engineer,1,0.03,"Design and validate PCBAs for power-critical components, including motor controllers, power converters and high-accuracy sensor circuits. Coordinate PCB layout efforts , perform design reviews, and validate prototypes through rigorous bench testing and debugging. Execute detailed validation tests , utilizing advanced instruments such as oscilloscopes, logic analyzers, spectrum analyzers, power analyzers, and EMI/EMC testing equipment . Optimize designs for thermal management, electrical noise reduction, and robust EMC compliance. Support system-level testing, including torque output measurements, temperature profiling, and reliability tests to ensure actuator performance targets. Work closely with embedded software engineers and mechanical design engineers to integrate electronic hardware seamlessly into actuator systems. Bring-up, troubleshoot integration issues, and optimize system performance across functional teams. Maintain meticulous documentation, including detailed schematics, PCB layout files, component libraries, BoM management, test procedures, and technical reports. Ensure design compliance with applicable industry standards (CE, RoHS, EMC directives) and support certification processes. Collaborate with sourcing specialists to select and evaluate component suppliers. Collaborate with manufacturing partners for PCB production and SMT assembly. Mentor and assist team members."
Head of IT,1,0.03,"Trực tiếp tham gia triển khai, điều phối theo chỉ đạo của TGĐ đối với các dự án về ERP, giải pháp văn phòng số, chuyển đổi số của công ty và các công ty con trong hệ sinh thái Fivevet. Quản trị, vận hành các hệ thống network, server, và các giải pháp ERP, văn phòng số. Hướng dẫn, hỗ trợ các PBBP ứng dụng AI rộng rãi hơn trong công việc (tạo prompt hữu hiệu, làm slides, AI agent, n8n automation v.v...), rà soát các công việc thủ công đang thực hiện trên các phần mềm và đưa ra phương pháp làm tự động trên các phần mềm, công cụ. Phân tích nhu cầu thực tế của từng phòng ban công ty để đề xuất các giải pháp tự động hóa quy trình, công nghệ phù hợp, nhằm nâng cao hiệu quả công việc Hỗ trợ, đồng thời kiểm soát, đánh giá các đơn vị dịch vụ về CNTT, camera mà công ty đang sử dụng, tiến tới kiện toàn nhân sự cho phòng CNTT. Đề xuất và triển khai các kế hoạch nhằm giúp nâng cao nhận thức, kiến thức của toàn bộ công nhân viên công ty về công nghệ, về an toàn thông tin, an ninh thông tin. Tổ chức các buổi đào tạo, hướng dẫn sử dụng công nghệ mới cho đội ngũ quản lý và nhân viên. Đánh giá, đề xuất và triển khai các giải pháp quản lý rủi ro liên quan đến Công nghệ thông tin. Thực hiện các công việc khác theo yêu cầu của TGĐ."
IP Portfolio Manager,1,0.03,"ABOUT FPT SOFTWARE FPT Software, a subsidiary of FPT Group, is a leading global IT service provider headquartered in Vietnam. With 33,000+ employees in 88 offices across 30 countries, we serve 1,100+ clients, including 96 Fortune 500 companies.  We believe diversity fuels innovation and strive to create an inclusive workplace where talents of all backgrounds thrive. We welcome expatriates and international professionals to bring fresh perspectives and help shape the future of technology.  RESPONSIBILITIES Mission: Manage IP investment at portfolio level to ensure reuse, scale, and monetization of AI-enabled solutions Govern and track IP progress across delivery units, ensuring alignment with program strategy and reuse objectives Build and maintain a centralized portfolio of AI-powered solutions, ensuring standards, interoperability, and reusability Define and enforce governance frameworks for IP lifecycle, including creation, reuse, and commercialization Oversee investment allocation for solution development, working with FSUs to avoid duplication and focus on strategic gaps Facilitate cross-FSU collaboration to accelerate development and adoption of applied AI solutions Ensure IP rights, licensing, security, and compliance across all AI-generated assets Provide portfolio insights, reporting, and recommendations to leadership to optimize ROI and strategic impact"
IT Governance,1,0.03,"Vị trí này làm việc tại Khối CNTT - GPBank HO - Thành Phố Hà Nội.  🌱 TRÁCH NHIỆM CÔNG VIỆC - Tham gia xem xét và đề xuất các cải tiến định kỳ đối với chính sách và quy trình CNTT. - Nghiên cứu và cập nhật các phương pháp và tiêu chuẩn quốc tế; hỗ trợ việc áp dụng chúng trong các quy trình vận hành CNTT. - Hỗ trợ phối hợp với các bộ phận Pháp lý, Kinh doanh và CNTT để đánh giá tác động của các văn bản pháp lý và tổng hợp các báo cáo tuân thủ. - Chuẩn bị các báo cáo định kỳ và đột xuất để trình Ngân hàng Nhà nước Việt Nam và các cơ quan có thẩm quyền. - Tham gia vào việc phát triển và triển khai các chương trình kiểm tra tuân thủ CNTT nội bộ. - Phối hợp và tổ chức các chương trình truyền thông và đào tạo về tuân thủ CNTT. - Hỗ trợ quản lý Sổ đăng ký rủi ro CNTT; giám sát các biện pháp khắc phục và cập nhật báo cáo tình trạng. - Hỗ trợ điều phối các cuộc thanh tra, kiểm tra và đánh giá liên quan đến việc tuân thủ quy định CNTT."
Mainframe Engineer,1,0.03,"Analyze existing mainframe systems, including COBOL programs, JCL jobs, batch processes, and database structures. Review and understand legacy source code, business logic, data flow, and system dependencies. Lead technical investigation and provide solutions for system reform, migration, enhancement, and maintenance projects. Provide technical guidance to team members and review their work to ensure quality and consistency. Troubleshoot and resolve system issues, defects, batch job errors, and production incidents. Prepare or review technical documents, design documents, investigation reports, and migration analysis documents. Coordinate with stakeholders to ensure smooth project delivery following SDLC processes."
PMO Manager,1,0.03,"Mynavi TechTus Vietnam is looking for a PMO Manager who is responsible for establishing and operating the project management system to ensure all projects are delivered on time, within budget, and to the highest quality standards. This role serves as a strategic bridge between Senior Management and the Project Operations team, focusing on optimizing operational efficiency, quality, and cost-effectiveness. Process Development & Standardization Establish the Project Management Framework , including processes, templates, and reporting standards Ensure consistent adoption across the project portfolio Monitoring & Risk Management Track project progress, quality, cost, and resource utilization Identify risks, manage risk mitigation plans , and provide timely reporting Resource Optimization Analyze capacity and resource allocation Propose effective resource allocation strategies to support project demands Technology & Automation Adoption Implement and optimize project management tools (e.g., Jira, Backlog, etc. ) Apply automation / AI for tracking, dashboarding, and reporting Strategic Reporting Build and maintain dashboards and KPI reports Provide insights into project health and team performance for leadership"
AI Architect,1,0.03,"We are seeking a Principal Architect to define and own the architecture of our Unified Edge AI Engine . In this role, you will design the software backbone that orchestrates the entire lifecycle of video analytics on embedded hardware. You will act as the bridge between Systems Engineering and AI Research. Your mission is to build a modular, graph-based execution engine that balances massive data throughput with limited compute resources, enabling advanced AI models (optimized via quantization/pruning) to run in real-time across diverse hardware platforms.  Scope of Responsibilities/Expectations: Pipeline Engine Architecture: Architect a modular, high-throughput Video & AI Pipeline Engine. Design the framework for dynamic graph construction (DAG) where AI models, logic nodes, and image processing blocks can be assembled and executed efficiently. Heterogeneous Resource Orchestration: Design the scheduling logic to balance workloads across CPU, GPU, DSP, and NPU. manage critical system bottlenecks such as PCIe Bandwidth, Memory Bandwidth, and Thermal constraints to prevent system stalls. AI Optimization Strategy: Define the architectural support for Model Quantization (INT8/FP16) and Network Pruning. Ensure the engine can natively handle optimized model formats, managing the trade-off between inference speed, memory footprint, and accuracy. Memory & Data Flow Design: Architect zero-copy data transport mechanisms (DMA, Shared Memory, Ring Buffers) to pass high-resolution video frames and tensor data between pipeline stages without CPU intervention. Scalability & Abstraction: Create a hardware-agnostic Abstraction Layer (HAL) that allows the engine to scale from low-power cameras to high-performance AI processors with minimal code changes."
IT Delivery Manager,1,0.03,"Job Overview ITviec's client is looking for a visionary and battle-tested Senior Manager to spearhead our offshore business operations and lead high-impact delivery teams in Hanoi. In this pivotal leadership role, you will define strategic business plans, oversee end-to-end multi-project execution, and optimize a large-scale delivery division of over 60 members (comprising internal engineers and external partners). This role focuses entirely on delivery excellence, operational efficiency, and high-level client collaboration without any cold-sales or active client acquisition pressure.  Key Responsibilities Strategic Division Leadership: Define and execute mid-term business plans aligned with corporate division objectives; prepare client retention and domain-specific strategies. Large-scale Delivery Management: Oversee and optimize multi-project offshore operations with a total team size of 60 members, ensuring seamless collaboration between internal delivery units and external vendor partners. Quality & Financial Compliance: Drive project delivery to achieve high quality, on-time, and within budget/scope targets. Define priority action items, manage risks, and control budgets effectively. Executive Stakeholder Relations: Act as the ultimate escalation point for delivery issues; maintain fluent, high-level communication and negotiation with Japanese clients and corporate executive leadership. People & Process Development: Mentor, build, and foster leadership capabilities for sub-managers and key team members through performance and career development frameworks. Drive continuous optimization of KPIs and quality standards. Pre-sales Support: Oversee technical estimation, pre-sales analysis, and proposal preparation for upcoming corporate projects."
IT Infrastructure Engineer,1,0.03,"Gene Solutions is a leading company in Vietnam specializing in the research, development and application of the most advanced genetic tests, providing genetic testing services for screening, diagnosis and treatment orientation. Over the years, Gene Solutions has continuously developed and invested in building a strong and excellent R&D team, focusing on research and application of useful technologies that have been certified in the world to bring latest genetic testing and services, with the best quality at the most affordable cost, increasing Vietnamese people's access to essential genetic tests for prevention, examination and treatment, improving the quality of medical examination and treatment, contributing to the quality of medical services and health for the community. ROLE SUMMARY Location: Ho Chi Minh City Reports to: IT Director The IT Infrastructure Senior Manager will lead and oversee the company’s entire IT infrastructure, including systems administration, network architecture, virtualization, and cloud platforms across all operating countries. This role ensures high availability, security, and scalability of IT systems to support business operations and strategic growth. The position will manage a team of system administrators and network engineers, lead infrastructure implementations in Vietnam and other countries, and collaborate with cross-functional teams and external partners in Vietnam and overseas. RESPONSIBILITIES Develop technical strategies, plans and cost-effective solutions to execute and enhance IT infrastructure in alignment with business objectives. Lead data center management, IT operations, infrastructure architecture design and implementation, and disaster recovery planning to ensure that infrastructure capacity aligns with business needs and future growth. Ensure IT systems and networks operate smoothly and continuously with nearly zero downtime. Ensure system security hardening and compliance with company security policies. Establish and enforce IT policies, standards, and best practices. Be willing to get involved in project and technical matters, take a hands-on approach to project management, and roll up your sleeves to get your hands dirty when necessary. Lead infrastructure projects from planning to execution in Vietnam and other countries. Manage and mentor a small team, ensuring high performance and continuous development. Collaborate with internal stakeholders and external partners to deliver projects on time and within budget."
Software Development Manager,1,0.03,"Who Are We Hansen Technologies is a leading global provider of software and services that enable organisations to transform customer experiences and streamline critical business processes. With a rich history of innovation and a footprint that spans over 80 countries, Hansen empowers utilities, energy, and communications companies to thrive in an ever-evolving digital landscape. Our commitment to excellence, customer focus, and collaborative culture makes Hansen a place where passionate professionals can make a meaningful impact, drive real change, and help shape the future of industries worldwide.  We are proud to be an equal opportunities employer. Hansen prides itself on celebrating diversity and is committed to creating an inclusive environment for all employees, even extending this to how we work with our customers, partners, and suppliers. We welcome applications from all qualified candidates, regardless of age, disability, gender identity or expression, marital status, race, ethnicity, religion or belief, sexual orientation, or any other protected characteristic. If you require any adjustments or accommodation during the recruitment process, please let us know.  Why This Role Matters  Lead, Inspire, Transform, Deliver.  At Hansen, our software powers critical services for industries that keep the world running. As a Senior Software Development Manager , you will play a pivotal role in shaping the future of our CIS-HU engineering capability , leading distributed teams across Vietnam and Australia.  This is more than a leadership role—it's an opportunity to build high-performing engineering teams, elevate technical capability, and drive delivery excellence at scale . You will influence how we adopt AI-assisted development, modern cloud platforms, and best-in-class engineering practices to innovate faster and deliver greater value to customers.  Your leadership will directly impact how our teams perform, how our products evolve, and how we deliver secure, scalable, and reliable solutions across global markets.  What You’ll Do Lead Engineering Teams: Develop and mentor Technical Leads and engineering teams across a distributed structure, driving high performance and engagement. Drive Delivery Excellence: Oversee planning, execution, and delivery across multiple teams, ensuring alignment with business priorities and customer commitments. Advance AI & Productivity: Embed AI-assisted engineering practices to enhance development efficiency, quality, and innovation. Strengthen Technical Capability: Champion modern cloud (AWS) and engineering practices including microservices, APIs, CI/CD, and automation. Collaborate Across Functions: Work closely with Product, Architecture, QA, DevOps, and Delivery to ensure cohesive execution and outcomes. Enhance Quality & Standards: Establish and maintain strong engineering standards, focusing on scalability, security, and performance. Manage Risk & Improve Continuously: Proactively identify delivery risks, resolve issues, and drive continuous improvement across teams."
Windows Application Developer,1,0.03,"Develop Windows applications using C++ and Qt framework. Work directly with customers to define and clarify requirements. Work closely with world class developers from customer side to develop enterprise applications for customer worldwide. Clarify customer specifications and make questions directly if have. Develop software modules based on designs. Responsible for quality of product, quality of code by running reviews, … Daily meeting for reporting and escalating issues/risks."
